User,Card,Year,Month,Day,Time,Amount,Use Chip,Merchant Name,Merchant City,Merchant State,Zip,MCC,Errors?,Is Fraud?
413,1,2011,3,15,07:50,$50.43,Swipe Transaction,-3220758452254689706,Spokane,WA,99208.0,5311,,No
433,1,2015,9,20,05:30,$53.78,Online Transaction,-2088492411650162548,ONLINE,,,4784,,No
1442,3,2020,2,10,11:41,$30.98,Chip Transaction,-4113349227963201766,Lakeland,FL,33813.0,5411,,No
610,2,2017,10,13,18:32,$10.32,Swipe Transaction,6913268435708117971,Albuquerque,NM,87121.0,5912,,No
1606,1,2009,5,18,10:44,$130.45,Swipe Transaction,4937803722023861373,Stockton,CA,95210.0,5310,,No
987,0,2019,1,6,06:08,$65.42,Chip Transaction,6181510752141427450,Avoca,MI,48006.0,7538,,No
1437,1,2013,12,27,14:45,$104.29,Swipe Transaction,-5467922351692495955,Brooklyn,NY,11222.0,5912,,No
1043,1,2018,8,18,12:09,$44.24,Online Transaction,7035602569409149834,ONLINE,,,5311,,No
484,1,2014,4,10,08:14,$23.36,Online Transaction,-6160036380778658394,ONLINE,,,4121,,No
1081,4,2017,9,16,11:57,$17.17,Chip Transaction,4751695835751691036,Nashville,TN,37211.0,5814,,No
497,4,2007,9,17,06:34,$15.03,Swipe Transaction,6098563624419731578,West Fargo,ND,58078.0,4214,,No
486,4,1994,6,12,06:35,$100.00,Swipe Transaction,-4282466774399734331,San Jose,CA,95111.0,4829,,No
575,1,2008,4,14,13:25,$13.87,Swipe Transaction,-5585635869738447894,Monroe,NY,10950.0,5300,,No
73,1,2010,7,13,12:27,$8.73,Swipe Transaction,-794809796539996541,Summit Argo,IL,60501.0,5814,,No
1122,0,2003,4,17,07:02,$50.42,Swipe Transaction,-4500542936415012428,Urbandale,IA,50322.0,5814,,No
249,0,2019,2,19,06:19,$84.16,Swipe Transaction,-5467922351692495955,Arkansas City,KS,67005.0,5912,,No
1785,1,2018,3,4,19:04,$46.94,Online Transaction,7272219750676920057,ONLINE,,,5193,,No
1584,3,2019,1,10,10:57,$5.71,Chip Transaction,2027553650310142703,Albany,NY,12207.0,5541,,No
747,4,2013,5,13,15:24,$86.50,Swipe Transaction,4722913068560264812,Henderson,NV,89002.0,5411,,No
283,2,2004,1,26,14:26,$0.33,Swipe Transaction,-6571010470072147219,Pompano Beach,FL,33076.0,5499,,No
873,3,2018,1,18,07:53,$3.13,Chip Transaction,5205099864768539121,Clearwater,FL,33761.0,5812,,No
1647,1,2012,1,22,02:59,$11.68,Swipe Transaction,-2165325134182579556,Chestnut Hill,MA,2467.0,5311,,No
1084,0,2017,6,3,20:37,$102.97,Chip Transaction,97032797689821735,Littleton,CO,80122.0,5411,,No
1743,0,2019,10,5,13:13,$45.25,Chip Transaction,-1288082279022882052,Sacramento,CA,95818.0,5499,,No
1432,0,2010,3,10,08:03,$41.17,Swipe Transaction,1799189980464955940,Newark,DE,19713.0,5499,,No
801,3,2014,4,29,15:38,$14.26,Swipe Transaction,4722913068560264812,Dallas,TX,75252.0,5411,,No
840,1,2011,2,21,12:58,$11.45,Swipe Transaction,686169380765426195,Eight Mile,AL,36613.0,5812,,No
1946,1,2014,3,26,20:49,$-97.00,Swipe Transaction,2027553650310142703,Fresno,CA,93726.0,5541,,No
71,1,2019,7,17,13:55,$100.00,Chip Transaction,-4282466774399734331,Boulder Creek,CA,95006.0,4829,,No
368,1,2007,4,12,08:25,$12.98,Swipe Transaction,1046798872819448119,Severn,MD,21144.0,5812,,No
1079,0,2009,9,21,16:57,$36.05,Swipe Transaction,-4088012282380604089,Orlando,FL,32825.0,5651,Bad PIN,No
635,0,2008,4,18,03:44,$716.22,Swipe Transaction,3452760747765970571,Milwaukee,WI,53208.0,3174,,No
663,0,2018,11,15,14:08,$12.54,Swipe Transaction,-8643582375427187601,Foxboro,MA,2035.0,5300,,No
1498,1,2016,12,8,06:57,$80.53,Chip Transaction,-7146670748125200898,Middletown,NY,10940.0,5970,,No
1419,3,2017,4,27,08:47,$0.82,Swipe Transaction,2027553650310142703,Parsippany,NJ,7054.0,5541,,No
1291,5,2009,10,13,21:29,$34.63,Swipe Transaction,4467723108220392544,Gloucester,VA,23061.0,5211,,No
1888,0,2019,4,13,22:33,$80.00,Chip Transaction,-1288082279022882052,Berkeley Heights,NJ,7922.0,5499,,No
486,3,2016,8,4,18:31,$120.00,Swipe Transaction,-4282466774399734331,San Jose,CA,95111.0,4829,,No
1271,1,2008,12,22,13:00,$67.61,Swipe Transaction,-1288082279022882052,Newport,RI,2840.0,5499,,No
1097,0,2015,3,11,23:56,$1.30,Chip Transaction,-6571010470072147219,Niagara Falls,NY,14303.0,5499,,No
1744,1,2013,11,2,16:40,$46.40,Swipe Transaction,1432252931779863776,Alhambra,CA,91803.0,7832,,No
1662,2,2020,1,22,10:00,$13.42,Online Transaction,-6160036380778658394,ONLINE,,,4121,,No
1399,1,2017,11,6,08:05,$120.00,Chip Transaction,-4282466774399734331,Channelview,TX,77530.0,4829,,No
47,4,2006,12,25,07:47,$16.94,Online Transaction,31551052261259716,ONLINE,,,4784,,No
1497,4,2020,2,13,11:48,$30.89,Swipe Transaction,-2799551593317693657,Crown Point,IN,46307.0,5813,,No
683,2,2005,2,18,13:24,$23.39,Swipe Transaction,7847619186796796084,Walnut Creek,CA,94596.0,5812,,No
805,3,2013,4,26,07:21,$45.02,Swipe Transaction,1799189980464955940,Philadelphia,PA,19146.0,5499,,No
1176,0,2014,9,19,09:01,$49.43,Swipe Transaction,-3149453774559989933,Gooding,ID,83330.0,4900,,No
793,2,2010,7,13,10:11,$27.21,Swipe Transaction,-4191425613099110081,Weatherford,TX,76086.0,7538,,No
252,2,2016,8,31,17:34,$-54.00,Chip Transaction,2027553650310142703,Greenville,SC,29607.0,5541,,No
291,3,2017,11,18,12:04,$16.75,Chip Transaction,5763106017265139365,Clarkston,MI,48348.0,5310,,No
1971,1,2010,4,18,06:01,$-90.00,Swipe Transaction,2027553650310142703,Chesapeake,VA,23323.0,5541,,No
1008,2,2012,1,9,11:42,$135.77,Swipe Transaction,-3693650930986299431,Monroe,NC,28110.0,4814,Insufficient Balance,No
1140,4,2000,4,20,15:38,$8.00,Swipe Transaction,6098563624419731578,Los Angeles,CA,90003.0,4214,,No
646,3,2015,7,16,21:03,$52.75,Chip Transaction,3571479800365727261,Sacramento,CA,95831.0,5300,,No
1496,2,2001,9,25,09:15,$1.50,Swipe Transaction,-6571010470072147219,Coventry,RI,2816.0,5499,,No
272,3,2014,11,21,13:19,$108.45,Swipe Transaction,5817218446178736267,Elk Grove,CA,95758.0,5912,,No
824,1,2013,8,24,12:48,$40.67,Swipe Transaction,-1406041973474763930,Hallandale,FL,33009.0,7802,,No
941,1,2013,4,28,18:54,$48.73,Swipe Transaction,-3693650930986299431,Centerville,PA,16404.0,4814,,No
287,0,2006,3,19,09:22,$30.79,Online Transaction,-2088492411650162548,ONLINE,,,4784,,No
558,0,2012,11,8,09:14,$20.56,Swipe Transaction,-688317273338680178,The Villages,FL,32162.0,5912,,No
943,1,2013,9,7,05:48,$19.26,Swipe Transaction,-4191425613099110081,Chicago,IL,60629.0,7538,,No
934,0,2011,2,17,11:41,$11.54,Swipe Transaction,4722913068560264812,Maywood,IL,60153.0,5411,,No
1043,1,2016,1,9,09:37,$0.49,Chip Transaction,-5162038175624867091,Lakewood,NJ,8701.0,5541,,No
124,1,2004,1,5,14:37,$42.61,Swipe Transaction,7479593622964634169,Sagle,ID,83860.0,5311,,No
157,0,2010,11,26,02:08,$14.02,Swipe Transaction,1913477460590765860,Mechanicville,NY,12118.0,5300,,No
371,2,2006,2,7,16:20,$116.02,Swipe Transaction,-8826348804033622422,El Paso,TX,79912.0,5411,,No
1896,1,2013,10,31,11:52,$13.67,Swipe Transaction,-1662162349688630531,Dalton,GA,30720.0,5541,,No
827,1,2012,10,15,11:46,$626.59,Swipe Transaction,-554669136061361211,Louisville,AL,36048.0,3008,,No
1890,2,2011,6,12,14:52,$52.16,Swipe Transaction,-1731791183674782399,Riverside,IA,52327.0,8049,,No
109,2,2015,4,20,21:22,$23.60,Chip Transaction,-5624843686576836279,Hammond,IN,46320.0,7832,,No
763,3,2013,4,18,10:05,$8.55,Swipe Transaction,5817218446178736267,Lima,OH,45804.0,5912,,No
607,1,2019,2,13,16:26,$34.30,Swipe Transaction,6698459923198770712,Lake Worth,FL,33463.0,4814,,No
714,0,2010,12,12,10:31,$17.40,Swipe Transaction,2027553650310142703,Mukwonago,WI,53149.0,5541,,No
112,0,2000,9,27,12:52,$-90.00,Swipe Transaction,-5162038175624867091,Hutto,TX,78634.0,5541,,No
118,1,2018,8,10,16:03,$29.97,Chip Transaction,8927347033157945203,Milford,DE,19963.0,7538,,No
697,0,2014,9,13,07:25,$91.39,Swipe Transaction,-6761066196029841443,Lorton,VA,22079.0,5310,,No
539,2,2016,11,22,09:35,$0.85,Chip Transaction,-6571010470072147219,Sandusky,OH,44870.0,5499,,No
1430,1,2013,2,11,22:26,$187.94,Swipe Transaction,838425044734233142,Saint Paul,MN,55110.0,4814,,No
610,2,2017,12,22,09:31,$54.60,Swipe Transaction,112925206871091074,Albuquerque,NM,87121.0,5541,,No
1923,2,2012,11,24,05:34,$3.05,Swipe Transaction,-5162038175624867091,Kissimmee,FL,34759.0,5541,,No
932,1,2019,10,27,11:48,$13.40,Chip Transaction,1546410265030503834,Upper Marlboro,MD,20774.0,5813,,No
1651,0,2010,8,14,11:33,$5.32,Swipe Transaction,-4500542936415012428,Alstead,NH,3602.0,5814,,No
181,2,2018,6,15,10:23,$11.58,Chip Transaction,8878665205966093747,Hawesville,KY,42348.0,5411,,No
1217,0,2011,2,19,09:50,$-55.00,Swipe Transaction,2027553650310142703,Atlanta,GA,30312.0,5541,,No
544,2,2007,4,23,18:02,$25.75,Swipe Transaction,-794809796539996541,Kenner,LA,70062.0,5814,,No
791,1,2012,3,9,20:25,$462.00,Swipe Transaction,190253443608377572,San Francisco,CA,94109.0,3359,,No
1971,1,2006,9,8,16:01,$62.89,Swipe Transaction,1913477460590765860,Smithfield,VA,23430.0,5300,,No
808,1,2006,10,25,23:42,$57.00,Swipe Transaction,-1288082279022882052,Eagle Mountain,UT,84005.0,5499,,No
973,1,2010,11,24,03:32,$148.50,Online Transaction,6654290286221782850,ONLINE,,,4899,,No
1975,0,2009,12,20,20:12,$27.17,Swipe Transaction,2546272266540882361,Baltimore,MD,21239.0,7230,,No
293,0,2018,1,23,08:25,$4.77,Chip Transaction,-5162038175624867091,Cincinnati,OH,45224.0,5541,,No
914,2,2012,5,9,04:53,$28.40,Swipe Transaction,3962773230080945404,Brandon,MS,39042.0,5211,,No
1685,4,2016,7,7,20:05,$28.08,Chip Transaction,-3345936507911876459,Victoria,TX,77905.0,7538,,No
1245,3,2019,6,17,09:55,$1.58,Chip Transaction,-7918194706360012787,Clayton,NC,27520.0,5411,,No
1371,1,2010,4,28,08:13,$32.07,Swipe Transaction,276496572498261229,Union,NJ,7083.0,5912,,No
1512,2,2008,4,21,16:41,$16.85,Swipe Transaction,7971195646087218099,Houston,TX,77073.0,5813,,No
851,0,2007,7,17,16:29,$33.03,Swipe Transaction,97032797689821735,Palmdale,CA,93552.0,5411,,No
260,3,2020,2,9,23:49,$144.00,Online Transaction,3694722044710185708,ONLINE,,,4722,,No
94,0,2014,6,18,11:55,$36.46,Swipe Transaction,-5904116920141006298,Minneapolis,MN,55442.0,5719,,No
648,3,2006,7,10,09:50,$49.90,Swipe Transaction,-4226019005952814914,Charleston,WV,25312.0,5300,,No
1017,5,2017,5,17,18:03,$-92.00,Chip Transaction,-4334232547381218591,Oceanside,NY,11572.0,5541,,No
1557,3,2019,8,9,08:33,$23.74,Online Transaction,-1688244360627004732,ONLINE,,,4784,,No
675,1,2016,9,21,12:29,$15.04,Chip Transaction,-6454384444028917681,Fall Creek,WI,54742.0,5411,,No
726,1,2001,1,30,05:56,$5.35,Online Transaction,-2088492411650162548,ONLINE,,,4784,,No
854,1,2016,8,8,21:53,$20.00,Chip Transaction,-4282466774399734331,Crestline,OH,44827.0,4829,,No
492,2,2010,4,26,11:05,$5.27,Swipe Transaction,4081535247279879452,Waynesville,OH,45068.0,5541,,No
1757,0,2017,3,31,15:21,$28.34,Swipe Transaction,-797479870571137839,Houston,TX,77056.0,7542,,No
1840,3,2018,7,31,06:53,$3.14,Swipe Transaction,1725560465134496359,Candor,NY,13743.0,5310,,No
362,0,2011,5,26,09:47,$54.54,Swipe Transaction,-1816359627812238952,Arlington Heights,IL,60005.0,7802,,No
776,0,2011,6,13,08:21,$-71.00,Swipe Transaction,1799189980464955940,Milwaukee,WI,53224.0,5499,,No
1324,1,2007,6,4,08:03,$3.02,Swipe Transaction,4751695835751691036,Brownsville,TX,78520.0,5814,,No
1543,2,2007,7,26,20:25,$26.30,Swipe Transaction,-562411301236874813,Chicago,IL,60657.0,7832,,No
1139,0,2015,6,7,14:01,$49.50,Swipe Transaction,2027553650310142703,Woodbridge,VA,22191.0,5541,,No
1809,1,2018,2,13,13:12,$34.45,Chip Transaction,7005500082448857359,Billings,MT,59102.0,5813,,No
414,3,2013,11,9,09:38,$26.94,Online Transaction,-5841929396161652653,ONLINE,,,4121,,No
1325,0,2017,2,12,12:07,$30.40,Online Transaction,-2088492411650162548,ONLINE,,,4784,,No
352,0,2010,6,15,01:17,$93.14,Swipe Transaction,-5467922351692495955,Las Vegas,NV,89142.0,5912,,No
558,0,2008,10,24,07:29,$2.29,Swipe Transaction,-688317273338680178,The Villages,FL,32162.0,5912,,No
980,1,2019,7,14,15:11,$55.47,Chip Transaction,1913477460590765860,Milford,MI,48380.0,5300,,No
695,3,2015,11,23,09:56,$36.68,Chip Transaction,-974813731775764313,Lobelville,TN,37097.0,7538,,No
966,0,2014,11,3,20:47,$9.08,Swipe Transaction,-1288082279022882052,East Hampton,NY,11937.0,5499,,No
716,0,2006,10,5,07:53,$79.54,Swipe Transaction,2027553650310142703,Fremont,CA,94536.0,5541,,No
1616,0,2014,11,8,12:20,$28.64,Swipe Transaction,7105993411821854861,Grantham,PA,17027.0,5300,,No
1416,0,2019,2,16,07:59,$45.80,Chip Transaction,1799189980464955940,Ankeny,IA,50021.0,5499,,No
1515,0,2016,5,19,10:02,$5.46,Chip Transaction,4722913068560264812,Olathe,KS,66061.0,5411,,No
1382,4,2018,7,29,09:41,$29.88,Chip Transaction,1799189980464955940,Balch Springs,TX,75180.0,5499,,No
343,2,2002,12,2,10:12,$90.15,Swipe Transaction,6718921414612631047,Ogden,UT,84408.0,4111,,No
74,2,2002,10,2,11:29,$111.52,Swipe Transaction,-5467922351692495955,Rockwall,TX,75032.0,5912,,No
1059,2,2003,9,2,07:58,$63.00,Swipe Transaction,1799189980464955940,Sioux Falls,SD,57106.0,5499,,No
1133,0,2008,8,17,10:52,$0.83,Swipe Transaction,4722913068560264812,Edinburgh,IN,46124.0,5411,,No
346,0,2014,10,15,15:24,$40.00,Swipe Transaction,-4282466774399734331,Traverse City,MI,49684.0,4829,,No
1971,0,2007,1,24,23:45,$121.01,Swipe Transaction,-8081695695483154754,Chesapeake,VA,23323.0,4900,,No
212,3,2017,12,19,05:13,$-80.00,Chip Transaction,-5162038175624867091,Van Buren,AR,72956.0,5541,,No
1262,0,2010,5,25,16:13,$80.14,Swipe Transaction,-3395538998277081094,Kennett,MO,63857.0,5311,,No
933,2,2007,8,3,06:55,$50.00,Swipe Transaction,-1288082279022882052,Saint Louis,MO,63111.0,5499,,No
330,0,2013,4,13,20:55,$42.14,Online Transaction,-5841929396161652653,ONLINE,,,4121,,No
1202,1,2007,3,16,07:27,$14.36,Swipe Transaction,2907610432893315998,Oswego,NY,13126.0,5912,,No
384,0,2017,6,21,18:27,$160.00,Chip Transaction,-4282466774399734331,Huntley,IL,60142.0,4829,,No
256,3,2012,8,23,15:40,$2.27,Swipe Transaction,3825958084264811593,Lombard,IL,60148.0,4121,,No
1768,1,2002,10,22,02:22,$91.00,Swipe Transaction,-5162038175624867091,Valdosta,GA,31602.0,5541,,No
1773,1,2011,6,24,06:20,$95.00,Swipe Transaction,2027553650310142703,O Fallon,MO,63366.0,5541,,No
1093,0,2016,10,8,07:57,$0.99,Chip Transaction,6666504894937430109,Carterville,IL,62918.0,5499,,No
347,2,2015,7,6,11:18,$16.29,Online Transaction,-6458444334611773637,ONLINE,,,4784,,No
321,3,2017,4,27,13:29,$1.72,Chip Transaction,-6571010470072147219,Fargo,ND,58103.0,5499,,No
941,0,2008,6,9,09:15,$1.41,Swipe Transaction,6466143268838996573,Seneca,PA,16346.0,5411,,No
880,1,2019,9,26,11:03,$16.10,Chip Transaction,2027553650310142703,Durham,NC,27713.0,5541,,No
417,5,2011,5,27,17:31,$20.62,Swipe Transaction,2027553650310142703,Quincy,FL,32352.0,5541,,No
193,2,2020,2,8,20:50,$19.16,Chip Transaction,3083822475589232065,Van Alstyne,TX,75495.0,5411,,No
857,1,2014,1,15,09:44,$13.59,Swipe Transaction,-4752064311331295725,Fairview,OR,97024.0,4214,,No
1619,1,2016,1,11,06:59,$1.38,Chip Transaction,-6571010470072147219,New Market,TN,37820.0,5499,,No
562,3,2008,1,29,09:02,$10.88,Swipe Transaction,-4500542936415012428,Boston,MA,2127.0,5814,,No
879,0,2007,7,2,15:02,$53.00,Swipe Transaction,-1288082279022882052,Fort Wayne,IN,46814.0,5499,,No
1968,1,2017,10,9,01:28,$15.74,Online Transaction,-6160036380778658394,ONLINE,,,4121,,No
123,2,2018,10,27,13:00,$50.22,Chip Transaction,4872340518840476610,Reedsburg,WI,53959.0,5732,,No
1356,1,2008,12,2,22:30,$56.00,Swipe Transaction,2027553650310142703,Harbor City,CA,90710.0,5541,,No
1324,1,2005,8,20,09:14,$2.95,Swipe Transaction,97032797689821735,Brownsville,TX,78520.0,5411,,No
6,0,2007,3,20,07:18,$44.10,Online Transaction,-5841929396161652653,ONLINE,,,4121,,No
1472,5,2019,12,28,06:48,$0.82,Chip Transaction,-5475680618560174533,San Angelo,TX,76903.0,5942,,No
332,0,2017,9,13,19:37,$96.09,Chip Transaction,1799189980464955940,Farmington,MN,55024.0,5499,,No
311,0,2004,6,22,10:21,$15.42,Online Transaction,7132919534969217203,ONLINE,,,4784,,No
1374,0,2015,10,11,06:16,$13.27,Chip Transaction,97032797689821735,Phoenix,AZ,85083.0,5411,,No
426,0,2011,12,28,04:22,$11.08,Swipe Transaction,7479593622964634169,Lady Lake,FL,32159.0,5311,,No
138,5,2012,2,16,21:45,$46.53,Swipe Transaction,-1234173594282100497,Detroit,MI,48235.0,5912,,No
34,0,2015,11,9,06:44,$2.18,Chip Transaction,-5475680618560174533,Selma,AL,36701.0,5942,,No
1881,0,2016,8,8,09:48,$8.99,Chip Transaction,4722913068560264812,Muskogee,OK,74403.0,5411,,No
424,2,2007,6,6,08:02,$16.01,Swipe Transaction,-1288082279022882052,Seattle,WA,98122.0,5499,,No
916,3,2008,5,2,11:34,$2.76,Swipe Transaction,9129504321890727687,Iron Mountain,MI,49801.0,5812,,No
214,0,2018,9,10,08:21,$1.47,Swipe Transaction,-8939406418749140599,Stonewall,LA,71078.0,5310,,No
807,2,2017,5,25,17:00,$10.96,Chip Transaction,6135208568923449408,Fort Mill,SC,29715.0,9402,,No
1864,1,2010,12,23,16:11,$20.00,Swipe Transaction,-4282466774399734331,Lagrange,IN,46761.0,4829,,No
1641,2,2004,8,18,13:02,$82.00,Swipe Transaction,-1288082279022882052,Katy,TX,77493.0,5499,,No
1850,0,2012,2,8,01:08,$18.90,Swipe Transaction,1277654268453357779,Naperville,IL,60565.0,5411,,No
1603,1,2010,1,12,07:28,$3.66,Swipe Transaction,-8997856093426647374,Clever,MO,65631.0,5812,,No
78,3,2013,3,8,06:14,$19.63,Swipe Transaction,1913477460590765860,Sulphur,OK,73086.0,5300,,No
1171,0,2019,10,18,15:26,$41.02,Online Transaction,7272219750676920057,ONLINE,,,5193,,No
1273,1,2007,9,28,07:52,$5.40,Swipe Transaction,1832768104993345615,Lakeside,CA,92040.0,5921,,No
575,1,2016,8,26,15:35,$26.19,Chip Transaction,-4752064311331295725,Monroe,NY,10950.0,4214,,No
745,2,2013,3,6,07:30,$19.31,Swipe Transaction,6135208568923449408,Bethesda,MD,20814.0,9402,,No
92,1,2018,6,1,16:28,$15.16,Chip Transaction,-9143276009416282185,Panama City,FL,32404.0,7832,,No
959,4,2003,10,29,09:47,$25.08,Swipe Transaction,1799189980464955940,Flushing,NY,11355.0,5499,,No
1443,0,2007,5,15,12:07,$15.42,Swipe Transaction,-3643912571797376967,Grand Rapids,MI,49534.0,5812,,No
1738,3,2014,1,24,12:43,$9.40,Swipe Transaction,8919682822789039434,Bowling Green,KY,42103.0,5814,,No
1930,2,2011,12,30,23:19,$28.73,Online Transaction,-5841929396161652653,ONLINE,,,4121,,No
1201,4,2007,5,30,10:45,$13.04,Swipe Transaction,-6274911531211188608,Montgomery,AL,36106.0,5411,,No
332,1,2003,10,3,19:46,$93.00,Swipe Transaction,1799189980464955940,Farmington,MN,55024.0,5499,,No
1903,1,2002,7,9,18:00,$41.92,Swipe Transaction,-1046622217034093949,San Rafael,CA,94901.0,5812,,No
718,1,2013,3,15,18:39,$14.92,Swipe Transaction,-5162038175624867091,Scott Depot,WV,25560.0,5541,,No
583,0,2012,10,30,00:25,$82.41,Online Transaction,-7421093378627544099,ONLINE,,,5311,,No
851,1,2019,7,22,04:50,$18.78,Chip Transaction,-6202300579745575444,Tucson,AZ,85712.0,5812,,No
562,2,2015,2,11,07:37,$1.87,Chip Transaction,-5475680618560174533,Alameda,CA,94501.0,5942,,No
1823,2,2019,11,20,11:07,$40.00,Chip Transaction,-4282466774399734331,Grantham,NH,3753.0,4829,,No
1245,2,2018,8,2,16:24,$31.62,Chip Transaction,-3345936507911876459,Franklinton,NC,27525.0,7538,,No
619,1,2019,12,17,12:29,$253.46,Chip Transaction,1913477460590765860,Dublin,CA,94568.0,5300,,No
1246,3,2010,1,30,15:44,$18.61,Swipe Transaction,1913477460590765860,Somerset,NJ,8873.0,5300,,No
1734,3,2019,7,11,18:33,$79.65,Chip Transaction,6759623715801000040,Menlo Park,CA,94025.0,5311,,No
714,1,2019,6,16,22:21,$60.66,Chip Transaction,-6761066196029841443,Mukwonago,WI,53149.0,5310,,No
14,0,2020,1,8,20:25,$55.54,Chip Transaction,-245178307025547046,San Antonio,TX,78207.0,5311,,No
1869,1,2007,4,7,13:15,$4.34,Swipe Transaction,6597330859630618027,Tacoma,WA,98445.0,5411,,No
1695,2,2017,2,6,08:21,$36.15,Online Transaction,-5841929396161652653,ONLINE,,,4121,,No
31,1,2010,9,6,16:04,$81.87,Swipe Transaction,1913477460590765860,Miami,FL,33176.0,5300,,No
13,1,2006,8,18,15:11,$16.11,Swipe Transaction,-4752064311331295725,Pellston,MI,49769.0,4214,,No
1412,3,2002,12,29,09:23,$2.43,Swipe Transaction,-1918857489392470092,Joplin,MO,64801.0,5411,,No
35,0,2015,1,25,02:29,$4.34,Chip Transaction,4751695835751691036,Sacramento,CA,95829.0,5814,,No
1287,0,2019,5,14,17:08,$100.00,Chip Transaction,-4282466774399734331,Memphis,TN,38116.0,4829,,No
1883,0,2016,5,7,18:22,$59.00,Swipe Transaction,1799189980464955940,Baltimore,MD,21224.0,5499,,No
1140,4,2002,9,27,15:42,$-73.00,Swipe Transaction,2027553650310142703,Carson City,NV,89706.0,5541,,No
333,5,2005,4,27,16:55,$146.35,Swipe Transaction,-3693650930986299431,Lake Charles,LA,70605.0,4814,,No
1349,1,2008,1,25,15:41,$15.27,Swipe Transaction,5817218446178736267,Hickory,PA,15340.0,5912,,No
1241,0,2018,12,29,06:26,$8.70,Chip Transaction,-5475680618560174533,Milton,FL,32571.0,5942,,No
1596,0,2018,1,16,15:42,$81.07,Chip Transaction,8829920464184665592,Gastonia,NC,28056.0,7538,,No
960,3,2018,6,24,12:21,$76.35,Chip Transaction,-3345936507911876459,Minneapolis,MN,55423.0,7538,,No
1594,1,2008,3,24,14:25,$84.44,Swipe Transaction,-3185996860338325469,Parrish,AL,35580.0,5411,,No
1504,3,2019,10,2,09:59,$158.32,Online Transaction,-3289339997738008669,ONLINE,,,4899,,No
1401,0,2007,8,19,15:26,$3.07,Swipe Transaction,-6571010470072147219,Lake Havasu City,AZ,86404.0,5499,,No
1441,0,1996,6,24,10:39,$79.27,Swipe Transaction,8694318521260184284,Clintonville,WI,54929.0,5655,,No
865,0,2015,9,25,19:20,$9.81,Online Transaction,-5841929396161652653,ONLINE,,,4121,,No
319,1,2007,9,7,14:22,$668.81,Online Transaction,-4236199745481231154,ONLINE,,,6300,,No
84,1,2011,2,25,10:32,$142.26,Swipe Transaction,1913477460590765860,Newport Beach,CA,92658.0,5300,,No
907,0,2017,9,1,00:54,$49.06,Chip Transaction,-5162038175624867091,Houston,TX,77086.0,5541,,No
1923,2,2014,12,24,05:52,$16.64,Swipe Transaction,-3172973437185988231,Louisville,KY,40299.0,5813,,No
239,7,2011,6,1,08:28,$-78.00,Swipe Transaction,-1288082279022882052,Indianapolis,IN,46236.0,5499,,No
752,3,2005,12,25,18:49,$73.67,Online Transaction,8744048232142204,ONLINE,,,7801,,No
1307,3,2003,6,19,14:34,$60.04,Swipe Transaction,-1288082279022882052,San Andreas,CA,95249.0,5499,,No
1186,0,2011,12,22,16:07,$8.12,Swipe Transaction,8080934608468946743,Breese,IL,62230.0,5310,,No
1224,1,2014,7,3,06:19,$149.92,Swipe Transaction,4081535247279879452,Wilderville,OR,97543.0,5541,,No
603,0,2013,6,4,12:45,$522.03,Swipe Transaction,2950648463139875934,Rosharon,TX,77583.0,7549,,No
1053,0,2018,3,8,09:20,$82.40,Chip Transaction,-8956481153134723683,Fresno,CA,93727.0,5411,,No
1252,3,2009,9,4,20:17,$43.40,Swipe Transaction,-3345936507911876459,Oklahoma City,OK,73119.0,7538,,No
507,2,2007,3,8,17:40,$35.44,Swipe Transaction,1913477460590765860,Keystone Heights,FL,32656.0,5300,,No
598,3,2017,12,22,16:59,$93.00,Chip Transaction,-1288082279022882052,Monroe,MI,48161.0,5499,,No
345,1,2014,5,19,19:15,$-80.00,Swipe Transaction,-5162038175624867091,Hopewell Junction,NY,12533.0,5541,,No
628,1,2012,1,18,17:24,$69.46,Swipe Transaction,7178539683433933015,Annandale,VA,22003.0,5211,,No
1066,3,2010,10,3,01:35,$49.52,Swipe Transaction,-6039291971436604685,Gainesville,FL,32606.0,5411,,No
1340,0,2017,2,23,02:58,$114.26,Chip Transaction,-2756864111358809370,Chandler,TX,75758.0,4900,,No
1307,3,2014,4,26,08:50,$2.42,Swipe Transaction,-5023497618971072366,Atwater,CA,95301.0,5812,,No
881,0,2010,8,5,15:45,$18.36,Swipe Transaction,112925206871091074,Oakland,CA,94601.0,5541,,No
575,1,2013,2,11,09:42,$10.50,Swipe Transaction,-4334232547381218591,Monroe,NY,10950.0,5541,,No
815,0,2017,11,6,11:04,$139.75,Chip Transaction,7510119342424659628,Cordova,TN,38018.0,7996,,No
949,1,2013,7,26,16:39,$84.00,Swipe Transaction,2027553650310142703,Rochester,MN,55906.0,5541,,No
188,3,2002,8,11,13:48,$36.01,Swipe Transaction,7758492943026543221,Barnstable,MA,2630.0,5912,,No
941,1,2013,7,20,11:56,$11.61,Swipe Transaction,1139640404793641563,Seneca,PA,16346.0,5541,,No
1596,0,2014,6,30,11:50,$92.92,Swipe Transaction,-605891587066728632,Gastonia,NC,28056.0,4900,,No
486,4,1993,5,20,16:58,$120.00,Swipe Transaction,-4282466774399734331,San Jose,CA,95111.0,4829,,No
1366,0,2012,6,15,09:55,$18.16,Swipe Transaction,-8371671331076305688,Tokyo,Japan,,7230,,No
870,2,2009,10,26,09:00,$0.73,Swipe Transaction,-6571010470072147219,Clovis,NM,88101.0,5499,,No
1530,0,2015,6,21,00:33,$35.43,Chip Transaction,9057735476014445185,Mendham,NJ,7945.0,5311,,No
583,1,2012,9,1,00:52,$109.86,Swipe Transaction,97032797689821735,Portland,OR,97215.0,5411,,No
1678,2,2019,8,7,14:15,$16.32,Chip Transaction,6826708177432339862,Miami,FL,33193.0,7832,,No
1064,0,2017,3,1,14:43,$14.05,Online Transaction,-2042049018365856408,ONLINE,,,5815,,No
767,0,2012,8,21,17:27,$32.55,Swipe Transaction,9023675866986061138,Cherry Hill,NJ,8003.0,4121,,No
1377,1,2007,9,23,01:39,$2.23,Swipe Transaction,1704172588052121931,Arcata,CA,95518.0,5812,,No
433,0,2011,9,24,22:10,$10.66,Swipe Transaction,-4191425613099110081,Fairfield,OH,45014.0,7538,,No
879,0,2011,12,15,10:13,$3.08,Swipe Transaction,-4334232547381218591,Fort Wayne,IN,46809.0,5541,,No
215,0,2010,1,1,16:41,$38.91,Online Transaction,-2088492411650162548,ONLINE,,,4784,,No
513,2,2016,8,6,11:13,$7.90,Swipe Transaction,-1417556002064662812,Rutherford,NJ,7070.0,5813,,No
531,2,2003,10,6,06:27,$217.83,Swipe Transaction,-3693650930986299431,Morrisville,PA,19067.0,4814,,No
1769,1,2017,11,2,09:01,$4.30,Chip Transaction,5205099864768539121,Peachland,NC,28133.0,5812,,No
50,2,2011,4,20,06:27,$3.37,Swipe Transaction,97032797689821735,Southgate,MI,48195.0,5411,,No
1827,3,2014,1,3,06:11,$9.50,Swipe Transaction,4751695835751691036,Marietta,GA,30062.0,5814,,No
1687,1,2015,6,25,12:29,$19.81,Chip Transaction,7522433618679272954,North Rose,NY,14516.0,5411,,No
1150,1,2003,8,3,16:01,$-93.00,Swipe Transaction,2027553650310142703,Yorba Linda,CA,92886.0,5541,,No
976,4,2006,11,17,22:19,$31.47,Swipe Transaction,8572391630400347201,Lake View,NY,14085.0,5812,,No
1748,0,2014,2,6,18:01,$-399.00,Swipe Transaction,-8566951830324093739,Katy,TX,77494.0,3640,,No
1057,0,2011,2,8,06:49,$59.91,Swipe Transaction,-5935518625758898186,New York,NY,10032.0,5651,,No
975,1,2016,10,24,15:34,$107.39,Chip Transaction,-2218005373520940968,Brooklyn,NY,11211.0,7230,,No
1745,0,2017,3,29,14:38,$57.06,Online Transaction,-2088492411650162548,ONLINE,,,4784,,No
160,2,2006,6,16,19:31,$41.22,Swipe Transaction,2027553650310142703,Compton,CA,90222.0,5541,,No
1277,0,2018,7,5,09:33,$4.84,Chip Transaction,4751695835751691036,Arlington,VA,22207.0,5814,,No
1764,1,2019,2,6,14:16,$12.63,Swipe Transaction,6135208568923449408,Vincentown,NJ,8088.0,9402,,No
747,4,2007,1,24,12:25,$60.00,Swipe Transaction,-4282466774399734331,North Las Vegas,NV,89032.0,4829,,No
235,1,2009,8,30,10:38,$61.00,Swipe Transaction,4081535247279879452,Garland,TX,75042.0,5541,,No
1448,3,2016,7,21,14:01,$464.61,Online Transaction,-1263341878135739419,ONLINE,,,6300,,No
148,2,2010,1,15,12:01,$80.00,Swipe Transaction,-4282466774399734331,Tucson,AZ,85705.0,4829,,No
65,1,2020,1,3,06:28,$99.78,Chip Transaction,-4589688377433479099,Oxford,MD,21654.0,7538,,No
962,1,2015,2,12,23:47,$421.00,Chip Transaction,-1908131910424232363,Lincoln Park,MI,48146.0,3771,,No
1420,1,2015,6,12,13:00,$120.00,Chip Transaction,-4282466774399734331,Schenectady,NY,12309.0,4829,,No
537,0,2018,3,13,14:40,$22.20,Chip Transaction,1799189980464955940,Murfreesboro,TN,37129.0,5499,,No
1657,3,2019,4,30,20:35,$129.63,Chip Transaction,-3764838274583398456,Valley Center,CA,92082.0,7995,,No
801,3,2010,1,8,17:35,$26.41,Swipe Transaction,-1046622217034093949,Philadelphia,PA,19131.0,5812,,No
1870,0,2005,8,14,08:06,$3.33,Swipe Transaction,-6750808637581539112,Oakland,CA,94621.0,5812,,No
181,0,2008,8,23,10:28,$13.12,Swipe Transaction,3395521515677999580,Greenville,KY,42345.0,5921,,No
67,1,2009,11,23,06:30,$3.02,Swipe Transaction,4722913068560264812,Allentown,PA,18102.0,5411,,No
1657,2,2012,8,3,21:01,$112.72,Swipe Transaction,6687073992751439992,Monticello,KY,42633.0,7995,,No
1224,1,2019,8,20,12:23,$29.55,Chip Transaction,7116494914944095295,Bothell,WA,98021.0,4121,,No
1462,1,2010,2,15,11:14,$59.24,Swipe Transaction,8659102856211662443,Anaheim,CA,92805.0,4900,,No
734,2,2019,8,9,21:32,$137.97,Online Transaction,5625828905483550857,ONLINE,,,7922,Bad Expiration,No
1065,0,2014,10,11,01:03,$3.89,Swipe Transaction,1467609267964020717,Jacksonville,FL,32218.0,5411,,No
1436,0,2017,10,16,18:39,$57.44,Chip Transaction,-6928797360741950885,Russellton,PA,15076.0,5300,,No
1227,3,2006,2,11,11:21,$8.99,Swipe Transaction,112925206871091074,Colbert,GA,30628.0,5541,Insufficient Balance,No
1425,6,2015,7,15,19:55,$23.57,Chip Transaction,-2744911404133435018,Camillus,NY,13031.0,5812,,No
1167,3,2012,7,10,15:54,$97.00,Swipe Transaction,2027553650310142703,Batesville,MS,38606.0,5541,,No
854,1,2016,7,5,14:21,$32.91,Chip Transaction,6661973303171003879,Hamilton,OH,45011.0,5211,,No
486,0,2014,1,21,09:05,$21.74,Swipe Transaction,-6738340320657348028,Watsonville,CA,95076.0,7538,,No
461,5,2014,10,11,13:09,$14.74,Swipe Transaction,-8749371626471647212,Kaneohe,HI,96744.0,5411,,No
569,4,2014,2,28,14:49,$27.15,Swipe Transaction,-5467922351692495955,Fontana,CA,92336.0,5912,,No
539,0,2016,2,26,13:13,$1.01,Chip Transaction,-6571010470072147219,Sandusky,OH,44870.0,5499,,No
557,0,2013,3,2,12:09,$7.73,Swipe Transaction,-7899746529920728234,Miami,FL,33196.0,5411,,No
458,1,2011,8,28,14:31,$111.20,Swipe Transaction,1913477460590765860,Westminster,CO,80030.0,5300,,No
539,0,2007,1,19,13:12,$1.22,Swipe Transaction,-6571010470072147219,Sandusky,OH,44870.0,5499,,No
1800,2,2019,6,2,11:14,$5.18,Online Transaction,-2042049018365856408,ONLINE,,,5815,,No
405,2,2005,2,13,03:10,$73.58,Swipe Transaction,1913477460590765860,Sacramento,CA,95812.0,5300,,No
171,2,2015,1,7,12:09,$112.77,Online Transaction,4168533264539032113,ONLINE,,,6300,,No
1455,2,2015,6,27,09:36,$5.28,Chip Transaction,-2744911404133435018,Janesville,WI,53546.0,5812,,No
233,2,2018,12,28,09:37,$38.18,Chip Transaction,-3570740080789851846,Chicago,IL,60619.0,5912,,No
1525,1,2010,12,10,02:28,$152.20,Swipe Transaction,-3693650930986299431,Phoenix,AZ,85004.0,4814,,No
1961,0,2003,10,26,14:13,$100.00,Swipe Transaction,-4282466774399734331,Mechanicsburg,PA,17050.0,4829,,No
391,1,2008,8,3,09:55,$1.78,Swipe Transaction,1799189980464955940,Nixa,MO,65714.0,5499,,No
1395,3,2013,5,11,08:07,$25.99,Swipe Transaction,6042526206085641250,Tacoma,WA,98404.0,5912,,No
1611,0,2011,8,14,15:01,$11.99,Swipe Transaction,2874039830738681381,Lapel,IN,46051.0,5300,,No
396,1,2018,4,21,15:49,$68.00,Chip Transaction,2027553650310142703,Nashport,OH,43830.0,5541,,No
1372,0,2010,5,18,02:40,$34.91,Swipe Transaction,-5581123930363301609,Windsor,NY,13865.0,5311,,No
1008,0,1999,9,20,08:17,$200.00,Swipe Transaction,-4282466774399734331,Monroe,NC,28110.0,4829,,No
1401,1,2012,12,30,12:56,$2.47,Swipe Transaction,-6571010470072147219,Lake Havasu City,AZ,86404.0,5499,,No
1357,2,2018,11,2,17:40,$1.36,Chip Transaction,6666504894937430109,Weatherford,TX,76086.0,5499,,No
906,0,2005,12,18,18:50,$131.40,Swipe Transaction,-1908131910424232363,Lincoln Park,MI,48146.0,3771,,No
1678,2,2014,4,28,14:17,$63.01,Swipe Transaction,-7924180773758271349,Miami,FL,33193.0,5411,Insufficient Balance,No
582,1,2016,6,23,08:36,$42.44,Swipe Transaction,-2472481739355111587,Beverly Hills,CA,90210.0,7538,,No
1985,0,2015,4,1,02:46,$47.25,Swipe Transaction,1872391762784349314,Southaven,MS,38671.0,4900,,No
172,0,2018,11,19,19:00,$58.00,Chip Transaction,1799189980464955940,Acworth,GA,30101.0,5499,,No
1514,5,2006,12,15,19:41,$80.00,Swipe Transaction,-4282466774399734331,Lexington,NC,27292.0,4829,,No
1684,0,2014,3,4,22:13,$2.33,Swipe Transaction,-6571010470072147219,Englewood,CO,80113.0,5499,,No
932,1,2016,10,24,11:16,$9.74,Chip Transaction,3599327607314717314,Glenn Dale,MD,20769.0,5813,,No
1273,0,2013,4,15,22:37,$26.71,Swipe Transaction,6832445792282254294,Lakeside,CA,92040.0,5813,,No
1997,1,2007,11,3,08:18,$3.50,Swipe Transaction,-5162038175624867091,Elizabeth,NJ,7201.0,5541,,No
790,2,2019,5,2,01:28,$3.29,Chip Transaction,1799189980464955940,Brooklyn,NY,11210.0,5499,,No
107,1,2009,7,16,11:12,$1.56,Swipe Transaction,-4500542936415012428,Chicago,IL,60616.0,5814,,No
1419,3,2011,1,27,09:10,$83.70,Swipe Transaction,-3458557898241352233,Parsippany,NJ,7054.0,7538,,No
149,3,2018,2,7,10:42,$83.07,Chip Transaction,-5467922351692495955,Goodlettsville,TN,37072.0,5912,,No
928,2,1996,12,22,13:38,$25.06,Swipe Transaction,-571074449655097922,Chesterfield,VA,23832.0,5411,,No
1287,0,2011,7,24,17:13,$80.00,Swipe Transaction,-4282466774399734331,Memphis,TN,38116.0,4829,,No
680,2,2009,8,14,13:55,$32.45,Swipe Transaction,2027553650310142703,Seattle,WA,98133.0,5541,,No
1140,4,1999,5,27,15:34,$68.00,Swipe Transaction,2027553650310142703,Carson City,NV,89706.0,5541,,No
129,0,2008,1,10,21:11,$106.66,Swipe Transaction,-3693650930986299431,Bel Air,MD,21014.0,4814,,No
896,3,2008,1,14,06:00,$13.09,Swipe Transaction,4722913068560264812,Massillon,OH,44646.0,5411,,No
861,0,2009,3,1,09:07,$1.93,Swipe Transaction,-5407138151142847632,Rockford,IL,61114.0,5812,,No
1291,5,2016,2,18,07:17,$102.16,Chip Transaction,-6569190148440758431,Gloucester,VA,23061.0,5300,,No
1038,3,2012,5,27,18:20,$66.38,Swipe Transaction,-8520273828699923660,Bessemer,AL,35023.0,5411,,No
1307,3,2003,12,28,09:21,$9.58,Swipe Transaction,-3096743575434866479,Vallecito,CA,95251.0,5814,,No
693,3,2003,10,25,09:34,$90.00,Swipe Transaction,1799189980464955940,Wilton,CT,6897.0,5499,,No
1980,1,2018,7,24,08:06,$21.96,Swipe Transaction,-6294180206906538960,Charlevoix,MI,49720.0,5261,,No
1870,0,2014,10,17,07:41,$298.38,Swipe Transaction,-5343184170725651083,Piedmont,CA,94620.0,5300,,No
1100,2,2011,5,21,08:01,$9.34,Swipe Transaction,-3505529940140060691,Keller,TX,76248.0,5921,,No
191,0,2012,1,9,16:15,$26.18,Online Transaction,-2088492411650162548,ONLINE,,,4784,,No
242,0,2013,4,22,15:17,$115.63,Swipe Transaction,-363318701415080204,Campbell,TX,75422.0,8099,,No
497,0,2014,7,26,14:04,$-77.00,Swipe Transaction,-1662162349688630531,Belle Fourche,SD,57717.0,5541,,No
1781,0,2014,3,19,06:25,$124.74,Swipe Transaction,8375555022568778705,Hickory,NC,28602.0,5912,,No
2,1,2007,5,3,14:37,$42.85,Online Transaction,-6458444334611773637,ONLINE,,,4784,,No
1687,2,2013,7,5,13:11,$33.35,Online Transaction,-2088492411650162548,ONLINE,,,4784,,No
1433,1,2017,12,24,23:06,$47.99,Chip Transaction,-3395538998277081094,Columbia,PA,17512.0,5311,,No
47,3,2016,5,8,09:56,$11.74,Chip Transaction,8137984013933732956,Longwood,FL,32750.0,5411,,No
1092,2,2019,4,1,14:08,$80.00,Swipe Transaction,-4282466774399734331,Rockford,IL,61107.0,4829,,No
98,0,2008,3,19,13:40,$31.96,Swipe Transaction,-5467922351692495955,Hollywood,FL,33024.0,5912,,No
1025,3,2013,6,29,23:17,$-458.00,Online Transaction,-6796080605569913348,ONLINE,,,4722,,No
1366,0,2017,4,6,09:46,$46.03,Chip Transaction,-6137596628443082069,Rockville Centre,NY,11570.0,5411,,No
1725,1,2009,5,21,10:15,$-97.00,Swipe Transaction,1799189980464955940,Wichita,KS,67212.0,5499,,No
624,6,2003,10,21,22:10,$100.44,Swipe Transaction,-4927381308738947637,San Jose,CA,95135.0,5812,,No
715,0,2014,7,14,12:08,$3.73,Swipe Transaction,-5467922351692495955,Mena,AR,71953.0,5912,,No
1452,3,2010,10,24,14:57,$84.00,Swipe Transaction,2027553650310142703,Los Angeles,CA,90003.0,5541,,No
1136,2,2011,1,28,16:27,$8.36,Swipe Transaction,4722913068560264812,Columbus,OH,43202.0,5411,,No
507,2,2014,11,11,15:30,$24.53,Swipe Transaction,89705611157103183,High Springs,FL,32643.0,5912,,No
1534,0,2015,12,8,02:11,$4.89,Chip Transaction,-5475680618560174533,Saint Paul,MN,55121.0,5942,,No
865,0,2015,4,8,10:32,$29.00,Chip Transaction,-5033188106553221396,Lebanon,MO,65536.0,7538,,No
929,0,2018,12,4,19:07,$66.45,Chip Transaction,2785693215826280910,Tampa,FL,33607.0,5411,,No
1821,3,2017,8,5,13:24,$1.22,Chip Transaction,-6571010470072147219,Oak View,CA,93022.0,5499,,No
486,4,2014,2,17,11:07,$22.49,Swipe Transaction,-5997942053525952264,Watsonville,CA,95076.0,7538,,No
831,0,2007,8,31,12:19,$43.24,Swipe Transaction,1688680357131937815,Lake Hopatcong,NJ,7849.0,5813,,No
1223,2,2001,6,12,19:03,$78.54,Swipe Transaction,-4927381308738947637,Albany,NY,12205.0,5812,,No
1606,2,2019,3,16,05:24,$44.27,Chip Transaction,-6761066196029841443,Valley Springs,CA,95252.0,5310,,No
1463,0,2016,10,12,16:36,$40.87,Online Transaction,8475032541207447973,ONLINE,,,4784,,No
1778,0,2005,6,14,08:06,$24.93,Online Transaction,-7421093378627544099,ONLINE,,,5311,,No
1948,2,2012,8,2,17:07,$16.32,Swipe Transaction,7145736684866660022,Pomona,CA,91768.0,5251,,No
301,2,2018,4,9,19:04,$84.58,Chip Transaction,-794809796539996541,Cookeville,TN,38501.0,5814,,No
1742,0,1998,10,12,08:17,$157.70,Swipe Transaction,-3693650930986299431,Burke,VA,22015.0,4814,,No
275,1,2019,1,9,06:55,$28.32,Chip Transaction,5817218446178736267,Colorado Springs,CO,80918.0,5912,,No
1150,3,2011,11,7,17:34,$94.46,Swipe Transaction,2027553650310142703,Yorba Linda,CA,92886.0,5541,,No
1468,2,2008,7,26,19:56,$1.94,Swipe Transaction,6666504894937430109,Dearborn,MI,48124.0,5499,,No
1840,3,2000,8,17,16:25,$31.36,Swipe Transaction,-5162038175624867091,Conklin,NY,13748.0,5541,,No
1757,0,2015,4,15,12:41,$42.85,Swipe Transaction,3361362405116821392,Tyler,TX,75705.0,5813,,No
1847,1,2004,8,19,13:36,$71.28,Swipe Transaction,3840644809732378689,Middletown,OH,45042.0,5300,,No
1353,0,2016,2,21,13:18,$-87.00,Chip Transaction,-1288082279022882052,Harrison,MI,48625.0,5499,,No
1776,0,2011,2,2,08:10,$0.03,Swipe Transaction,5817218446178736267,Philadelphia,PA,19134.0,5912,,No
1088,2,2006,11,4,14:42,$260.00,Swipe Transaction,-4282466774399734331,Middletown,DE,19709.0,4829,,No
539,2,2017,3,24,12:41,$355.72,Chip Transaction,9080351760711880651,Republic,OH,44867.0,8111,,No
1654,0,2018,7,13,09:05,$8.31,Chip Transaction,-5625192071377799312,Como,MS,38619.0,5411,,No
294,1,2010,8,31,08:40,$-52.00,Swipe Transaction,-1288082279022882052,Albuquerque,NM,87121.0,5499,,No
1334,2,2014,2,15,10:32,$34.14,Swipe Transaction,-9123913544829665441,Strasburg,OH,44680.0,5300,,Yes
1154,0,2001,10,20,11:09,$13.55,Swipe Transaction,-2147064975904379962,Revere,MA,2151.0,4121,,No
1236,2,2015,5,17,18:55,$32.40,Chip Transaction,2521441718075338818,Palm Coast,FL,32137.0,5300,,No
259,0,2017,4,2,18:16,$9.07,Swipe Transaction,-5162038175624867091,Guston,KY,40142.0,5541,,No
626,0,2020,2,21,14:35,$45.34,Online Transaction,-1688244360627004732,ONLINE,,,4784,Insufficient Balance,No
638,0,2017,2,19,09:36,$5.37,Swipe Transaction,-2744911404133435018,Lexington,KY,40502.0,5812,,No
599,3,2008,4,28,09:27,$80.00,Swipe Transaction,2027553650310142703,Chicago,IL,60622.0,5541,,No
1904,0,2012,11,3,14:15,$19.31,Swipe Transaction,-4752064311331295725,Fair Oaks,CA,95628.0,4214,,No
1606,2,2019,1,23,01:12,$15.55,Chip Transaction,8375355157499818286,Stockton,CA,95210.0,5912,,No
488,1,2010,5,22,09:00,$2.30,Swipe Transaction,1799189980464955940,Los Angeles,CA,90033.0,5499,,No
1273,0,2018,4,27,20:40,$31.72,Swipe Transaction,878534750241365141,Shafter,CA,93263.0,5812,,No
392,0,2016,3,15,06:51,$6.45,Chip Transaction,6098563624419731578,Columbia,SC,29203.0,4214,,No
1844,2,2014,6,25,14:43,$69.81,Swipe Transaction,4394309905661936109,Portageville,MO,63873.0,1711,,No
428,1,2011,12,12,15:53,$8.86,Swipe Transaction,-5467922351692495955,Monroe,NC,28112.0,5912,,No
807,3,2018,3,6,08:00,$6.13,Swipe Transaction,2327649152446121280,Ann Arbor,MI,48106.0,5411,,No
1473,3,2019,10,19,08:55,$5.50,Chip Transaction,6098044206774797313,Roseville,CA,95661.0,5812,,No
1160,3,2015,8,31,09:01,$181.76,Chip Transaction,4328078116626080292,Round Rock,TX,78681.0,4900,,No
484,1,2011,9,18,15:58,$22.08,Online Transaction,-5841929396161652653,ONLINE,,,4121,,No
373,2,2011,10,7,15:18,$110.55,Swipe Transaction,-5581123930363301609,Chambersburg,PA,17201.0,5311,,No
1725,0,2019,2,15,18:56,$109.11,Chip Transaction,8720434235488017967,Wichita,KS,67212.0,4900,,No
1807,0,2018,5,10,03:56,$217.57,Chip Transaction,-3693650930986299431,Remsen,IA,51050.0,4814,,No
77,0,2012,8,3,10:41,$-56.00,Swipe Transaction,1799189980464955940,Ridgeland,SC,29936.0,5499,,No
1721,0,2019,10,27,11:15,$60.00,Chip Transaction,-4282466774399734331,Indianapolis,IN,46222.0,4829,,No
533,1,2012,10,16,15:24,$15.40,Online Transaction,-6160036380778658394,ONLINE,,,4121,,No
42,2,2006,11,12,15:12,$81.15,Swipe Transaction,-303858256154265716,Chandler,AZ,85226.0,5251,,No
101,0,2016,4,4,08:15,$1.23,Swipe Transaction,-6571010470072147219,Waldorf,MD,20603.0,5499,,No
1438,1,2008,6,17,07:53,$3.55,Swipe Transaction,4722913068560264812,Jefferson,MA,1522.0,5411,,No
150,1,2003,9,2,19:25,$79.13,Swipe Transaction,9057735476014445185,Wilmette,IL,60091.0,5311,,No
1979,2,2012,7,4,17:16,$37.21,Online Transaction,-5841929396161652653,ONLINE,,,4121,,No
327,1,2007,12,11,23:53,$40.00,Swipe Transaction,-4282466774399734331,Meridian,MS,39301.0,4829,,No
1174,1,2016,9,17,12:50,$18.18,Chip Transaction,9082867214616508797,Reno,NV,89511.0,5300,,No
1374,0,2019,1,26,07:50,$31.00,Online Transaction,-6160036380778658394,ONLINE,,,4121,,No
1280,0,2018,11,30,22:03,$80.00,Swipe Transaction,-4282466774399734331,Ridgely,MD,21660.0,4829,,No
315,0,2012,12,8,08:40,$7.15,Swipe Transaction,-5475680618560174533,Tucson,AZ,85757.0,5942,,No
42,0,2018,1,16,22:42,$20.88,Online Transaction,-6160036380778658394,ONLINE,,,4121,,No
520,0,2009,6,11,11:44,$33.70,Swipe Transaction,959450525971724113,Camas,WA,98607.0,5211,,No
973,6,2018,5,20,08:15,$26.06,Chip Transaction,4880381751920293225,Round Rock,TX,78665.0,5411,,No
588,2,2011,1,10,12:08,$57.81,Swipe Transaction,-6962551815720950533,San Antonio,TX,78230.0,5300,,No
1968,1,2013,11,23,00:41,$16.38,Swipe Transaction,-6207364148130474705,Lincolnton,GA,30817.0,4121,,No
794,0,2015,12,2,08:32,$15.76,Chip Transaction,5474320255037684877,Auburn,ME,4210.0,5912,,No
1950,1,2019,12,18,08:18,$93.12,Chip Transaction,2027553650310142703,Syracuse,NY,13224.0,5541,,No
1242,2,2014,1,23,17:50,$34.07,Swipe Transaction,5058824346024604857,Norristown,PA,19403.0,7832,,No
1170,0,2019,10,28,08:36,$2.08,Chip Transaction,97032797689821735,Granite Falls,NC,28630.0,5411,,No
61,3,2012,5,20,12:28,$33.42,Online Transaction,-6160036380778658394,ONLINE,,,4121,,No
1659,3,2012,6,23,12:57,$40.54,Swipe Transaction,1913477460590765860,Louisville,TN,37777.0,5300,,No
1473,0,2008,7,27,15:59,$22.44,Swipe Transaction,-4334232547381218591,Roseville,CA,95661.0,5541,,No
1266,5,2002,10,21,15:07,$26.51,Online Transaction,-5841929396161652653,ONLINE,,,4121,,No
64,1,2014,12,15,16:47,$13.07,Swipe Transaction,8437284294358346536,Saint Albans,NY,11412.0,5300,,No
911,3,2018,8,16,09:13,$33.82,Chip Transaction,2861902492393301259,Hartsdale,NY,10530.0,5261,,No
899,1,2016,12,29,21:17,$167.57,Chip Transaction,5514374984119557073,Bronx,NY,10463.0,5411,,No
644,0,2017,10,14,05:06,$31.32,Online Transaction,-2088492411650162548,ONLINE,,,4784,,No
633,2,2009,9,2,07:39,$15.73,Swipe Transaction,6042526206085641250,Montague,MI,49437.0,5912,,No
2,4,2012,11,9,04:30,$38.52,Online Transaction,-6458444334611773637,ONLINE,,,4784,,No
992,0,2018,2,11,21:06,$46.95,Chip Transaction,5205099864768539121,Irving,TX,75060.0,5812,,No
161,3,2010,7,1,03:16,$13.89,Online Transaction,6455213054093379528,ONLINE,,,5815,,No
1417,3,2013,6,7,09:32,$31.70,Swipe Transaction,2027553650310142703,Fayetteville,NC,28306.0,5541,,No
35,1,2008,12,8,18:21,$27.19,Swipe Transaction,4751695835751691036,Sacramento,CA,95829.0,5814,,No
782,0,2019,1,3,09:37,$330.00,Chip Transaction,-8566951830324093739,Winnsboro,TX,75494.0,3640,,No
1198,2,2006,9,9,03:27,$63.39,Swipe Transaction,-8619052599325340799,Mosinee,WI,54455.0,5912,,No
540,0,2012,6,3,10:05,$19.61,Swipe Transaction,-7286043407165812945,Dayville,CT,6241.0,4121,,No
1330,2,2002,6,21,05:51,$108.52,Swipe Transaction,-3693650930986299431,Oshkosh,WI,54904.0,4814,,No
880,1,2020,2,2,08:29,$3.49,Chip Transaction,2027553650310142703,Durham,NC,27713.0,5541,,No
1255,0,2011,10,19,09:09,$1.57,Swipe Transaction,6666504894937430109,Thomson,GA,30824.0,5499,,No
1940,0,2012,2,19,13:37,$56.29,Online Transaction,7132919534969217203,ONLINE,,,4784,,No
533,1,2015,7,3,14:29,$38.69,Chip Transaction,5817218446178736267,San Antonio,TX,78217.0,5912,,No
1896,1,2008,12,23,16:57,$33.24,Swipe Transaction,-6206825069822782115,Dalton,GA,30720.0,7538,,No
885,3,2010,1,13,14:59,$26.60,Swipe Transaction,-5467922351692495955,Greensburg,PA,15601.0,5912,,No
602,0,2017,8,2,08:00,$139.41,Chip Transaction,6404298461141453994,Carrollton,TX,75006.0,8021,,No
1921,2,2013,3,17,03:19,$9.80,Swipe Transaction,-543251973251703900,Glendale,CA,91204.0,5977,,No
1271,4,2009,12,22,11:14,$100.00,Swipe Transaction,2027553650310142703,Newport,RI,2840.0,5541,,No
1780,4,2015,5,24,10:53,$3.41,Chip Transaction,-6571010470072147219,Mendham,NJ,7945.0,5499,,No
1081,4,1998,10,24,13:25,$49.40,Swipe Transaction,1799189980464955940,Nashville,TN,37211.0,5499,,No
1983,0,2009,7,7,14:49,$100.00,Swipe Transaction,-4282466774399734331,Shreveport,LA,71108.0,4829,,No
759,5,2018,12,20,12:22,$86.00,Chip Transaction,-1288082279022882052,Myrtle Beach,SC,29579.0,5499,,No
1777,1,2012,11,28,01:12,$16.91,Online Transaction,-5841929396161652653,ONLINE,,,4121,,No
22,0,2004,7,17,10:04,$8.53,Swipe Transaction,-8031148378011306236,Cleveland,OH,44134.0,7210,,No
1249,3,2011,8,11,12:01,$89.73,Swipe Transaction,-1884599861292617731,Warsaw,IN,46581.0,4111,,No
1021,1,2016,1,18,11:42,$0.28,Swipe Transaction,-6571010470072147219,Rural Valley,PA,16249.0,5499,,No
393,6,2004,7,26,13:58,$77.00,Swipe Transaction,-4051610135453927412,Pleasant Grove,UT,84062.0,5541,,No
1150,3,2015,9,22,16:52,$-62.00,Swipe Transaction,-1288082279022882052,Yorba Linda,CA,92887.0,5499,,No
799,3,2020,2,11,23:01,$138.04,Online Transaction,-9092677072201095172,ONLINE,,,4900,,No
217,3,2012,1,20,13:02,$1.19,Swipe Transaction,-6571010470072147219,Ann Arbor,MI,48103.0,5499,,No
1922,3,2018,11,12,15:50,$14.66,Chip Transaction,8878665205966093747,Broxton,GA,31519.0,5411,,No
449,1,2018,10,7,09:51,$5.46,Chip Transaction,3635551857898739641,Santa Rosa,TX,78593.0,5310,,No
6,1,2014,4,14,00:00,$426.23,Swipe Transaction,1731065766948068575,Louisville,KY,40299.0,7995,,No
1697,4,2015,1,13,20:45,$26.90,Chip Transaction,-5222068231842529481,Yadkinville,NC,27055.0,7832,,No
606,1,2009,3,26,09:34,$91.45,Swipe Transaction,2780313993986427018,Township Of Washington,NJ,7676.0,7230,,No
193,0,2005,11,14,13:18,$20.23,Swipe Transaction,7069584154815291371,Van Alstyne,TX,75495.0,5812,,No
1575,0,2016,9,23,17:54,$71.57,Swipe Transaction,3639123430068731390,Gaylord,MI,49735.0,5814,,No
851,0,2001,3,9,23:00,$3.90,Swipe Transaction,5489254291701230614,Seattle,WA,98145.0,5812,,No
797,2,2015,12,10,14:22,$17.95,Chip Transaction,9057735476014445185,Winder,GA,30680.0,5311,,No
1246,2,2004,11,4,14:48,$35.70,Swipe Transaction,-5467922351692495955,Somerset,NJ,8873.0,5912,,No
726,4,2009,8,24,07:12,$4.83,Online Transaction,-2088492411650162548,ONLINE,,,4784,,No
1684,0,2015,8,18,06:37,$2.24,Chip Transaction,-6571010470072147219,Des Moines,IA,50313.0,5499,,No
583,1,2012,9,19,00:25,$106.89,Swipe Transaction,-8051918691003025926,Houston,TX,77047.0,5300,,No
1013,3,2016,5,17,17:47,$26.13,Online Transaction,-2088492411650162548,ONLINE,,,4784,,No
1647,0,2016,12,13,06:43,$11.08,Chip Transaction,3639123430068731390,Chestnut Hill,MA,2467.0,5814,,No
424,4,2018,1,13,10:24,$22.59,Chip Transaction,5322444591413900772,Seattle,WA,98122.0,5411,,No
841,3,2009,3,12,00:01,$98.24,Swipe Transaction,5901051046357996347,Columbus,OH,43228.0,5411,,No
1251,1,2015,8,19,10:53,$3.84,Chip Transaction,7069584154815291371,Phoenixville,PA,19460.0,5812,,No
1487,2,2014,2,9,11:39,$48.99,Swipe Transaction,6277954688587863314,Henrico,VA,23228.0,5300,,No
1150,0,2008,11,18,15:53,$176.54,Swipe Transaction,-5467922351692495955,Yorba Linda,CA,92886.0,5912,,No
1741,2,2014,6,13,11:27,$76.42,Swipe Transaction,3995852290032875300,Sarasota,FL,34243.0,5300,,No
1001,2,2006,2,28,07:39,$3.96,Swipe Transaction,-794809796539996541,Addison,TX,75001.0,5814,,No
1428,1,2013,1,16,07:22,$87.71,Swipe Transaction,6615984914950682722,Windsor,CO,80550.0,5912,,No
1585,1,2019,5,6,21:18,$22.42,Chip Transaction,-2443108089429651226,Webster,NY,14580.0,7832,,No
148,2,2006,9,24,05:06,$85.84,Swipe Transaction,838425044734233142,Rio Rico,AZ,85648.0,4814,,No
124,0,2018,7,10,23:36,$16.55,Online Transaction,-7421093378627544099,ONLINE,,,5311,,No
1343,4,2012,9,14,13:00,$5.55,Swipe Transaction,-4840995485057230005,Saint Johnsbury,VT,5819.0,5812,,No
1877,1,2012,5,17,16:38,$91.34,Swipe Transaction,4364297353034656414,Bartlesville,OK,74003.0,5912,,No
523,0,2015,2,2,10:21,$4.46,Chip Transaction,-5475680618560174533,Beijing,China,,5942,,No
606,0,2019,3,8,10:32,$33.91,Online Transaction,-2088492411650162548,ONLINE,,,4784,,No
3,2,2018,8,30,05:42,$205.01,Online Transaction,-3289339997738008669,ONLINE,,,4899,,No
249,0,2018,1,18,09:36,$4.22,Swipe Transaction,-1288082279022882052,Oklahoma City,OK,73153.0,5499,,No
488,0,2001,7,14,15:25,$116.08,Swipe Transaction,6698459923198770712,Los Angeles,CA,90035.0,4814,,No
1869,0,2008,1,25,11:51,$52.42,Swipe Transaction,1934942834870296924,Tacoma,WA,98445.0,5912,,No
884,1,2001,11,4,10:07,$6.21,Swipe Transaction,3028411864933331163,Rochelle,IL,61068.0,5411,,No
879,0,2007,7,12,09:24,$151.11,Online Transaction,2743403607688382462,ONLINE,,,4899,,No
15,4,2016,7,11,06:33,$0.35,Swipe Transaction,3397452747792109772,Bartlesville,OK,74006.0,5541,,No
880,3,2015,8,7,14:35,$7.90,Online Transaction,7035602569409149834,ONLINE,,,5311,,No
1838,0,2019,5,5,14:53,$75.00,Chip Transaction,1799189980464955940,North Hollywood,CA,91606.0,5499,,No
1692,0,2014,12,30,22:43,$6.90,Swipe Transaction,97032797689821735,Garden Grove,CA,92844.0,5411,,No
1810,0,2020,2,22,16:51,$9.30,Chip Transaction,-6328537385258852493,Dallas,TX,75287.0,5411,,No
27,0,2012,10,6,22:18,$68.48,Swipe Transaction,-6560528497746433007,Van Nuys,CA,91411.0,7230,,No
1215,3,2009,5,29,18:39,$30.18,Swipe Transaction,-4317138273541964845,Paradise,CA,95969.0,5211,,No
1882,0,2009,1,19,16:51,$174.63,Online Transaction,2469865302537691246,ONLINE,,,4900,,No
1697,4,2017,3,19,08:17,$78.11,Chip Transaction,-245178307025547046,Winston Salem,NC,27101.0,5311,,No
1890,2,2013,8,5,11:11,$259.00,Swipe Transaction,3991321433720498482,Santa Ana,CA,92704.0,3405,,No
1158,1,2014,12,20,11:58,$21.73,Swipe Transaction,-1288082279022882052,Aurora,CO,80013.0,5499,,No
1567,1,2017,4,1,06:09,$1.82,Chip Transaction,-5475680618560174533,Austin,TX,78750.0,5942,,No
960,2,2017,3,15,21:05,$37.91,Chip Transaction,6661973303171003879,San Ramon,CA,94583.0,5211,,No
362,0,2005,8,5,09:46,$31.24,Online Transaction,-4934799694108021985,ONLINE,,,7801,,No
625,6,2008,10,9,18:32,$68.75,Swipe Transaction,3344211027275088661,Indianapolis,IN,46256.0,5812,,No
1506,1,2002,10,13,20:13,$230.33,Swipe Transaction,-6294296669786078622,South Ozone Park,NY,11420.0,7802,,No
1948,2,2010,3,7,07:39,$43.75,Swipe Transaction,838425044734233142,San Gabriel,CA,91776.0,4814,,No
832,0,2017,8,6,20:09,$39.83,Chip Transaction,-3739862438923451178,Fort Myers,FL,33919.0,7832,,No
473,1,2016,11,18,12:58,$-63.00,Chip Transaction,-4051610135453927412,Prairieville,LA,70769.0,5541,,No
1526,3,2002,7,15,10:07,$109.18,Swipe Transaction,8877075812002264460,Oklahoma City,OK,73114.0,4900,,No
574,0,2016,1,29,06:30,$2.50,Chip Transaction,97032797689821735,Somerville,MA,2143.0,5411,,No
1084,0,2013,6,30,06:18,$9.83,Swipe Transaction,2027553650310142703,Littleton,CO,80122.0,5541,,No
1560,2,2008,10,9,17:03,$46.18,Swipe Transaction,-7146670748125200898,Spring Valley,CA,91977.0,5970,,No
1537,3,2012,7,22,19:25,$90.42,Swipe Transaction,1463851782358267155,Springfield,MA,1108.0,5812,,No
1222,1,2007,10,17,09:19,$38.96,Online Transaction,-2088492411650162548,ONLINE,,,4784,,No
1325,2,2018,7,5,08:22,$49.98,Chip Transaction,1913477460590765860,Louisville,KY,40210.0,5300,,No
1366,1,2010,4,18,12:57,$32.64,Swipe Transaction,3353230294452188188,Rockville Centre,NY,11570.0,5912,,No
108,2,2009,2,16,10:21,$-81.00,Swipe Transaction,1799189980464955940,Westminster,CA,92683.0,5499,,No
1926,6,2018,6,5,17:11,$0.00,Chip Transaction,-4282466774399734331,Gastonia,NC,28056.0,4829,,No
304,2,2015,7,11,13:40,$15.22,Chip Transaction,5763106017265139365,Olla,LA,71465.0,5310,,No
1012,0,2015,8,26,06:24,$47.27,Chip Transaction,-3345936507911876459,Huntington Beach,CA,92647.0,7538,,No
1552,0,2018,5,11,16:12,$65.31,Online Transaction,-6458444334611773637,ONLINE,,,4784,,No
869,0,2019,11,20,11:41,$118.84,Chip Transaction,-7101369470897970232,Atlanta,GA,30307.0,5211,,No
539,0,2010,7,6,13:49,$13.52,Swipe Transaction,6135208568923449408,Sandusky,OH,44870.0,9402,,No
1535,0,2005,10,27,09:15,$-57.00,Swipe Transaction,-5162038175624867091,Leitchfield,KY,42754.0,5541,,No
641,5,2013,3,23,22:50,$94.70,Swipe Transaction,4652924747415941226,Bennett,CO,80102.0,4900,,No
332,2,2012,6,18,14:14,$-59.00,Swipe Transaction,-4334232547381218591,Farmington,MN,55024.0,5541,,No
1563,0,2018,11,29,16:55,$17.47,Chip Transaction,6135208568923449408,Suwanee,GA,30024.0,9402,,No
1448,1,2001,7,1,22:34,$28.28,Swipe Transaction,-8293865976430552301,Bethlehem,PA,18015.0,5813,,No
358,0,2010,3,18,06:08,$3.90,Swipe Transaction,-7052069146128772826,Byron,IL,61010.0,5814,,No
1140,4,2008,1,3,04:59,$13.39,Online Transaction,7035602569409149834,ONLINE,,,5311,,No
1838,0,2018,2,11,00:54,$-70.00,Chip Transaction,2027553650310142703,North Hollywood,CA,91606.0,5541,,No
1221,3,2018,11,18,20:36,$55.41,Chip Transaction,-3790629322387327622,Hurst,TX,76054.0,5211,,No
787,0,2012,11,10,19:22,$55.00,Swipe Transaction,1799189980464955940,Paragould,AR,72450.0,5499,,No
991,2,2001,5,27,08:12,$88.00,Swipe Transaction,1799189980464955940,Perris,CA,92571.0,5499,,No
909,0,2012,3,2,06:50,$8.55,Swipe Transaction,4722913068560264812,Crookston,MN,56716.0,5411,,No
321,3,2016,1,7,11:06,$87.62,Chip Transaction,-3837516429067096786,Fargo,ND,58103.0,5912,,No
1671,0,2015,10,29,08:45,$1.75,Chip Transaction,-6571010470072147219,Orlando,FL,32808.0,5499,,No
765,2,2012,2,8,17:11,$37.57,Online Transaction,-1688244360627004732,ONLINE,,,4784,,No
1882,0,2012,7,26,10:00,$43.72,Swipe Transaction,-6761066196029841443,Laguna Hills,CA,92653.0,5310,,No
1258,2,2005,4,16,15:38,$7.67,Swipe Transaction,-8472015155322858642,Dinuba,CA,93618.0,7538,,No
461,0,2007,8,7,10:32,$183.44,Online Transaction,8528733969764750207,ONLINE,,,4899,,No
1109,0,2005,3,30,22:22,$140.00,Swipe Transaction,-4282466774399734331,Norcross,GA,30071.0,4829,,No
370,0,2016,8,10,16:35,$15.23,Online Transaction,-2088492411650162548,ONLINE,,,4784,,No
262,3,2016,6,2,08:00,$19.27,Chip Transaction,1799189980464955940,Olympia,WA,98516.0,5499,,No
943,0,2019,6,28,18:18,$18.53,Chip Transaction,-3345936507911876459,Chicago,IL,60630.0,7538,,No
641,4,2016,12,1,09:31,$128.25,Chip Transaction,8062592287104498568,Bennett,CO,80102.0,5411,,No
1794,0,2003,7,15,10:10,$-368.00,Online Transaction,3694722044710185708,ONLINE,,,4722,,No
40,1,2009,10,27,07:43,$52.44,Swipe Transaction,-2875772643906070090,Axtell,KS,66403.0,5310,,No
349,3,2020,2,7,14:04,$14.70,Chip Transaction,-245178307025547046,Tuscaloosa,AL,35407.0,5311,,No
1429,2,2019,10,15,16:58,$100.00,Chip Transaction,2027553650310142703,Cincinnati,OH,45237.0,5541,,No
845,0,2013,5,27,07:16,$16.55,Swipe Transaction,8893097870082765815,Fort Lauderdale,FL,33326.0,7538,,No
1747,1,2011,2,9,15:44,$82.00,Swipe Transaction,-4334232547381218591,Danville,NH,3819.0,5541,,No
1594,0,2010,10,18,12:38,$78.88,Swipe Transaction,-3573329020209088012,Decatur,AL,35601.0,5541,,No
1419,1,2014,11,5,06:56,$34.02,Online Transaction,-2088492411650162548,ONLINE,,,4784,,No
338,2,2009,2,15,14:07,$12.23,Swipe Transaction,-5315319435381474556,Lewistown,PA,17044.0,5411,,No
521,1,2019,4,3,06:46,$1.53,Chip Transaction,-4334232547381218591,Garden Grove,CA,92840.0,5541,,No
421,3,2006,11,14,00:26,$-100.00,Swipe Transaction,112925206871091074,Chattanooga,TN,37416.0,5541,,No
662,1,2009,1,12,22:03,$18.98,Swipe Transaction,-245178307025547046,San Diego,CA,92130.0,5311,,No
1573,2,2016,9,30,10:23,$12.32,Chip Transaction,6135208568923449408,Jersey City,NJ,7306.0,9402,,No
508,2,2011,9,10,09:28,$11.17,Swipe Transaction,6135208568923449408,Saint Louis,MO,63129.0,9402,,No
285,1,2001,11,29,06:52,$24.67,Online Transaction,-7421093378627544099,ONLINE,,,5311,,No
1342,0,2010,11,19,16:15,$13.40,Swipe Transaction,2548810135973134041,Keller,TX,76248.0,5912,,No
1747,1,2007,5,10,12:23,$77.29,Swipe Transaction,5817218446178736267,Bangor,ME,4401.0,5912,,No
86,1,2013,1,21,13:36,$-169.00,Swipe Transaction,-1908131910424232363,Lincoln Park,MI,48146.0,3771,,No
841,2,2004,1,25,04:32,$12.42,Swipe Transaction,-1535063055629768053,Columbus,OH,43228.0,5813,,No
317,0,2005,2,27,06:39,$4.28,Swipe Transaction,7633383194681989571,Westlake,OH,44145.0,5411,,No
1133,1,2018,6,4,10:57,$1.56,Swipe Transaction,8919682822789039434,Fairland,IN,46126.0,5814,,No
538,1,2015,12,15,11:23,$65.32,Chip Transaction,-8107765234164010880,Palm Beach Gardens,FL,33410.0,4900,,No
854,1,2011,12,30,07:54,$3.84,Swipe Transaction,97032797689821735,Loudonville,OH,44842.0,5411,,No
835,0,2004,2,7,12:09,$163.48,Online Transaction,-8338381919281017248,ONLINE,,,4899,,No
139,0,2008,10,24,12:48,$21.46,Swipe Transaction,2027553650310142703,Brooklyn,NY,11212.0,5541,,No
1400,0,2017,7,1,14:55,$39.12,Swipe Transaction,1799189980464955940,Eastlake,OH,44095.0,5499,,No
520,3,2011,10,24,08:50,$29.71,Swipe Transaction,-6738340320657348028,Camas,WA,98607.0,7538,,No
272,1,2009,1,23,15:17,$63.77,Swipe Transaction,-5904116920141006298,Elk Grove,CA,95758.0,5719,,No
205,0,2017,4,21,03:58,$85.50,Online Transaction,-7421093378627544099,ONLINE,,,5311,,No
1690,1,2008,8,4,00:17,$123.04,Swipe Transaction,-9111602442909261506,Canton,NC,28716.0,5912,,No
1683,0,2009,12,29,12:37,$67.91,Swipe Transaction,-5162038175624867091,Katonah,NY,10536.0,5541,,No
725,1,2004,5,4,06:02,$4.69,Swipe Transaction,2027553650310142703,Strongsville,OH,44136.0,5541,,No
1896,2,2016,11,17,22:04,$12.89,Online Transaction,7035602569409149834,ONLINE,,,5311,,No
1890,1,2019,5,29,03:44,$60.59,Chip Transaction,-8456580153826503591,Riverside,IA,52327.0,5300,,No
1273,1,2007,12,7,22:36,$25.79,Swipe Transaction,6832445792282254294,Lakeside,CA,92040.0,5813,,No
1101,6,2009,1,26,08:32,$27.74,Online Transaction,-5841929396161652653,ONLINE,,,4121,,No
1781,1,2003,7,21,16:04,$4.98,Swipe Transaction,-3853688375077014559,Philadelphia,PA,19140.0,5912,,No
1266,5,2004,11,11,14:04,$77.41,Swipe Transaction,6748660215575818044,Torrance,CA,90503.0,5310,,No
163,3,2015,3,25,19:05,$14.88,Online Transaction,-2088492411650162548,ONLINE,,,4784,,No
1225,1,2017,3,28,06:30,$5.28,Chip Transaction,4722913068560264812,Johnson City,TN,37605.0,5411,,No
428,1,2009,3,7,06:42,$68.00,Swipe Transaction,2027553650310142703,Monroe,NC,28112.0,5541,,No
1131,1,2018,7,29,16:54,$7.67,Swipe Transaction,4722913068560264812,Crane,MO,65633.0,5411,,No
1596,0,2007,9,6,15:07,$75.00,Swipe Transaction,4081535247279879452,Gastonia,NC,28056.0,5541,,No
520,3,2018,7,9,11:11,$80.00,Chip Transaction,-4282466774399734331,Long Beach,WA,98631.0,4829,,No
1869,1,2007,8,19,20:23,$122.54,Swipe Transaction,-3693650930986299431,Waynesboro,VA,22980.0,4814,,No
1133,0,2019,1,28,16:35,$27.37,Online Transaction,-2959797150092853925,ONLINE,,,7393,,No
1057,1,2007,9,9,15:57,$11.86,Online Transaction,-5841929396161652653,ONLINE,,,4121,,No
1468,4,2014,11,27,14:37,$39.95,Swipe Transaction,1799189980464955940,Melvindale,MI,48122.0,5499,,No
1102,2,2008,1,18,13:55,$53.61,Swipe Transaction,-4856172906292320216,Warner Robins,GA,31088.0,5411,,No
873,3,2016,10,17,15:18,$3.01,Chip Transaction,-6571010470072147219,Clearwater,FL,33761.0,5499,,No
1234,3,2003,9,26,13:19,$18.12,Swipe Transaction,-4530600671233798827,Jeddo,MI,48032.0,5812,,No
911,3,2005,5,11,08:36,$4.86,Swipe Transaction,97032797689821735,Larchmont,NY,10538.0,5411,,No
794,0,2019,6,13,20:34,$36.94,Chip Transaction,878534750241365141,Auburn,ME,4210.0,5812,,No
859,0,2009,4,21,13:24,$46.64,Swipe Transaction,1704172588052121931,Gansevoort,NY,12831.0,5812,,No
398,0,2004,8,26,20:56,$20.02,Online Transaction,-6160036380778658394,ONLINE,,,4121,,No
2,1,2006,5,30,07:55,$7.14,Swipe Transaction,-7804744938386037486,West Covina,CA,91792.0,5812,,No
1228,3,2005,2,23,21:35,$64.00,Swipe Transaction,-1046622217034093949,Silver Spring,MD,20901.0,5812,,No
1102,1,2014,1,31,21:45,$1.33,Swipe Transaction,-3345936507911876459,Warner Robins,GA,31088.0,7538,,No
854,3,2009,9,18,21:50,$20.00,Swipe Transaction,-4282466774399734331,Crestline,OH,44827.0,4829,,No
1425,4,2002,9,28,20:47,$0.00,Swipe Transaction,-4282466774399734331,Camillus,NY,13031.0,4829,,No
473,2,2018,3,11,19:37,$74.01,Chip Transaction,-2744911404133435018,Prairieville,LA,70769.0,5812,,No
163,3,2011,3,14,18:10,$27.19,Online Transaction,-2088492411650162548,ONLINE,,,4784,,No
266,0,2013,8,2,09:17,$120.00,Swipe Transaction,-4282466774399734331,Arlington,MA,2476.0,4829,,No
924,3,2004,9,24,10:49,$131.75,Swipe Transaction,-6962551815720950533,Knoxville,TN,37931.0,5300,,No
73,6,2009,7,18,07:27,$31.55,Swipe Transaction,-727612092139916043,Summit Argo,IL,60501.0,5411,,No
746,0,2006,6,20,20:59,$4.25,Swipe Transaction,4722913068560264812,Highland Park,MI,48203.0,5411,,No
142,3,2020,2,2,12:55,$1.95,Chip Transaction,-6571010470072147219,Seattle,WA,98102.0,5499,,No
438,1,2005,1,16,16:45,$40.97,Swipe Transaction,2877352866277136731,Los Angeles,CA,90037.0,5094,,No
1724,0,2019,11,2,13:56,$14.90,Chip Transaction,6135208568923449408,San Jose,CA,95131.0,9402,,No
486,3,2013,7,26,15:52,$100.00,Swipe Transaction,-4282466774399734331,San Jose,CA,95111.0,4829,,No
1210,3,2010,1,7,14:08,$120.00,Swipe Transaction,-4282466774399734331,Decatur,AL,35601.0,4829,,No
525,1,2008,1,6,07:57,$14.15,Online Transaction,-2088492411650162548,ONLINE,,,4784,,No
1711,0,2008,8,17,14:57,$80.00,Swipe Transaction,-4282466774399734331,Abilene,TX,79605.0,4829,,No
1009,0,2019,12,26,05:29,$75.76,Chip Transaction,5205099864768539121,Saint Paul,MN,55117.0,5812,,No
1683,2,1997,2,3,06:28,$34.43,Online Transaction,-2088492411650162548,ONLINE,,,4784,,No
1659,3,2014,3,10,16:30,$-84.00,Swipe Transaction,-5162038175624867091,Gatlinburg,TN,37738.0,5541,,No
1685,4,2018,8,14,12:54,$33.28,Swipe Transaction,8080934608468946743,Laredo,TX,78046.0,5310,,No
1895,0,2005,6,20,23:00,$42.40,Swipe Transaction,6067624349474708266,Marion,IA,52302.0,5912,,No
1044,0,2009,6,11,14:02,$26.51,Online Transaction,-5949357157231676152,ONLINE,,,4900,,No
485,0,2011,6,17,16:48,$119.52,Swipe Transaction,-9172319837809732852,League City,TX,77573.0,7538,,No
271,0,2013,5,26,09:57,$0.72,Swipe Transaction,-6571010470072147219,Cedar Rapids,IA,52405.0,5499,,No
1330,4,2007,9,24,21:56,$62.61,Swipe Transaction,6042526206085641250,Oshkosh,WI,54901.0,5912,,No
1393,0,2016,9,1,05:11,$37.46,Online Transaction,-6160036380778658394,ONLINE,,,4121,,No
625,6,2017,1,3,07:46,$17.03,Swipe Transaction,6135208568923449408,Indianapolis,IN,46256.0,9402,Insufficient Balance,No
489,2,2006,11,5,13:24,$71.98,Swipe Transaction,5449205505965297400,Atlanta,GA,30317.0,5310,,No
767,1,2017,9,7,12:41,$33.73,Online Transaction,-5841929396161652653,ONLINE,,,4121,,No
884,0,2015,6,11,11:16,$8.68,Chip Transaction,112925206871091074,Rensselaer,IN,47978.0,5541,,No
646,3,2015,12,29,12:24,$17.42,Chip Transaction,-4530600671233798827,Sacramento,CA,95831.0,5812,,No
1359,0,2018,8,24,20:48,$15.39,Swipe Transaction,-1953032026253538674,Norman,OK,73071.0,4121,,No
1534,3,2005,12,26,14:44,$63.05,Online Transaction,-2088492411650162548,ONLINE,,,4784,,No
569,5,2009,3,16,16:52,$22.62,Online Transaction,-2042049018365856408,ONLINE,,,5815,,No
1005,0,2018,11,24,15:44,$0.73,Chip Transaction,-6571010470072147219,Orlando,FL,32808.0,5499,,No
1618,0,2011,12,25,19:52,$1105.75,Swipe Transaction,-3650057525483423997,Baltimore,MD,21229.0,3007,,No
1896,1,2006,11,21,11:26,$11.08,Swipe Transaction,97032797689821735,Dalton,GA,30721.0,5411,,No
594,1,2010,12,31,10:29,$18.77,Online Transaction,-2042049018365856408,ONLINE,,,5815,,No
1294,1,2019,12,2,15:12,$-59.00,Chip Transaction,-5162038175624867091,Alburtis,PA,18011.0,5541,,No
1034,0,2019,10,22,10:34,$2.56,Chip Transaction,-5581123930363301609,Bean Station,TN,37708.0,5311,,No
1236,2,2011,3,19,18:49,$40.69,Swipe Transaction,2521441718075338818,Palm Coast,FL,32137.0,5300,,No
1033,0,2017,4,24,23:57,$-494.00,Chip Transaction,190253443608377572,Paris,France,,3359,,No
1053,0,2012,3,14,17:29,$19.91,Swipe Transaction,2027553650310142703,Fresno,CA,93727.0,5541,,No
262,1,2006,2,6,08:28,$18.26,Swipe Transaction,1799189980464955940,Shawnee,KS,66216.0,5499,,No
915,0,2018,4,18,14:34,$80.00,Chip Transaction,-4282466774399734331,Brooklyn,NY,11219.0,4829,Insufficient Balance,No
771,1,2019,1,8,15:48,$20.45,Chip Transaction,1432252931779863776,Alhambra,CA,91803.0,7832,,No
1422,0,2013,2,23,20:14,$132.23,Swipe Transaction,-4699823314763929692,Federal Way,WA,98003.0,5411,Technical Glitch,No
667,0,2012,4,27,11:18,$69.00,Swipe Transaction,1799189980464955940,Washington,IN,47501.0,5499,,No
1527,0,2017,1,17,18:17,$31.67,Swipe Transaction,8919682822789039434,Easton,PA,18042.0,5814,,No
1237,1,2012,12,11,08:02,$8.79,Swipe Transaction,97032797689821735,Seabrook,TX,77586.0,5411,,No
291,0,2017,7,6,13:21,$17.73,Chip Transaction,-1806533427716311810,Lincolnwood,IL,60712.0,5912,,No
1963,2,2019,4,16,17:46,$24.80,Chip Transaction,7110656089649914437,Seminole,FL,33777.0,5211,,No
1870,0,2000,12,10,17:13,$261.80,Swipe Transaction,-6380232772327219248,Richmond,CA,94804.0,3393,,No
325,0,2015,5,7,16:10,$9.30,Chip Transaction,-245178307025547046,Los Angeles,CA,90044.0,5311,Insufficient Balance,No
299,0,2016,8,1,16:32,$71.94,Chip Transaction,-2472481739355111587,Pittsburgh,PA,15203.0,7538,,No
1412,2,2017,12,5,10:42,$16.44,Chip Transaction,4797504350311047101,Joplin,MO,64801.0,5912,,No
332,0,2017,1,6,19:46,$-87.00,Chip Transaction,1799189980464955940,Farmington,MN,55024.0,5499,,No
328,0,2009,3,2,14:04,$109.95,Swipe Transaction,3646436611438723041,Florien,LA,71429.0,5411,,No
805,3,2020,1,27,07:30,$-55.00,Chip Transaction,112925206871091074,Philadelphia,PA,19146.0,5541,,No
1971,1,2019,2,23,16:08,$80.74,Swipe Transaction,-5467922351692495955,Chesapeake,VA,23323.0,5912,,No
459,0,2006,12,10,16:14,$140.71,Swipe Transaction,-8272090705074063866,Chardon,OH,44024.0,5411,,No
1534,1,2018,8,13,14:18,$35.53,Online Transaction,-2088492411650162548,ONLINE,,,4784,,No
912,1,2017,3,4,15:33,$66.00,Chip Transaction,2027553650310142703,Laurel,MD,20723.0,5541,,No
965,2,2012,1,2,10:12,$54.57,Swipe Transaction,4722913068560264812,Duson,LA,70529.0,5411,,No
1349,0,2014,7,29,13:28,$5.48,Swipe Transaction,-5162038175624867091,Schriever,LA,70395.0,5541,,No
1606,2,2013,10,3,07:35,$9.71,Swipe Transaction,4722913068560264812,Stockton,CA,95212.0,5411,,No
991,2,2003,3,4,21:21,$21.39,Swipe Transaction,7119743277189006768,Perris,CA,92571.0,5651,,No
229,0,2011,1,20,23:45,$75.19,Swipe Transaction,-305761580491715376,Orchard Park,NY,14127.0,5310,,No
881,4,2014,1,22,22:22,$44.69,Swipe Transaction,8799548489676948416,Walnut Creek,CA,94598.0,5812,,No
696,0,2015,12,15,10:28,$100.00,Swipe Transaction,-4282466774399734331,Binghamton,NY,13903.0,4829,,No
1280,0,2019,12,17,07:28,$52.35,Online Transaction,-2088492411650162548,ONLINE,,,4784,,No
1354,4,2013,12,9,12:07,$39.15,Swipe Transaction,8080934608468946743,Miami,FL,33178.0,5310,,No
934,0,2010,5,26,11:46,$12.16,Swipe Transaction,5291791986540682529,Maywood,IL,60153.0,5411,,No
1910,0,2013,9,12,07:10,$14.57,Swipe Transaction,-4526234991210405584,Lincoln Park,MI,48146.0,5411,,No
1294,1,2019,2,10,15:39,$87.00,Chip Transaction,1799189980464955940,Alburtis,PA,18011.0,5499,,No
1612,2,2010,10,14,02:10,$100.00,Swipe Transaction,-4282466774399734331,Berlin,NH,3570.0,4829,,No
1286,0,2011,7,5,18:22,$21.30,Swipe Transaction,-4505454828679685605,Iowa City,IA,52240.0,5812,,No
1323,2,2012,7,20,10:48,$12.56,Online Transaction,-7421093378627544099,ONLINE,,,5311,,No
1734,6,2014,7,27,06:50,$0.90,Swipe Transaction,97032797689821735,Los Altos,CA,94024.0,5411,,No
425,0,2007,12,16,15:32,$26.53,Swipe Transaction,-9111110766727120779,Bloomington,CA,92316.0,7230,,No
178,0,2007,12,15,09:25,$151.57,Swipe Transaction,8103136100854910489,Waupaca,WI,54981.0,8049,,No
129,0,2018,6,16,07:54,$21.69,Chip Transaction,6098563624419731578,Edgewood,MD,21040.0,4214,,No
855,2,2014,6,16,17:37,$65.20,Swipe Transaction,6181510752141427450,Muncie,IN,47304.0,7538,Insufficient Balance,No
1281,0,2012,5,3,06:17,$1.68,Swipe Transaction,2027553650310142703,Inglewood,CA,90303.0,5541,,No
1228,3,2016,10,4,21:32,$58.70,Chip Transaction,8919682822789039434,Silver Spring,MD,20901.0,5814,,No
1746,1,2018,9,7,12:40,$14.22,Chip Transaction,-7621139036812892134,Montgomery,AL,36104.0,5812,,No
1109,1,2017,8,15,20:04,$33.99,Chip Transaction,-9049098504040039970,Marietta,GA,30067.0,5813,,No
1376,0,2019,10,24,10:30,$6.82,Chip Transaction,-1353060931036419417,Blue Springs,MO,64015.0,5812,,No
1564,1,2014,7,20,08:58,$1.14,Swipe Transaction,-6571010470072147219,Gresham,OR,97080.0,5499,,No
875,0,2014,4,28,06:57,$16.19,Swipe Transaction,451009818996614269,Miami,FL,33126.0,4121,Insufficient Balance,No
486,4,1997,10,18,09:19,$24.30,Swipe Transaction,-5997942053525952264,Watsonville,CA,95076.0,7538,,No
1896,2,2012,3,15,10:30,$35.64,Online Transaction,-2088492411650162548,ONLINE,,,4784,,No
923,3,2017,11,2,12:30,$21.07,Chip Transaction,8560436890810940848,Silver City,NM,88062.0,5813,,No
697,1,2018,10,9,16:48,$97.23,Chip Transaction,97032797689821735,Lorton,VA,22079.0,5411,,No
1908,0,2012,8,10,21:17,$-101.00,Swipe Transaction,-6406662083475903219,Mesa,AZ,85201.0,3390,,No
304,3,2019,11,11,14:18,$19.93,Chip Transaction,6661973303171003879,Doddridge,AR,71834.0,5211,,No
1373,0,2009,8,24,08:53,$57.75,Swipe Transaction,3812161635890104827,Miami,FL,33193.0,4111,,No
1632,1,2018,7,10,22:05,$58.54,Online Transaction,208649686760524778,ONLINE,,,5651,,No
77,0,2018,1,7,13:08,$21.39,Chip Transaction,5817218446178736267,Islandton,SC,29929.0,5912,,No
1436,1,2006,2,19,17:30,$62.95,Swipe Transaction,-2413906824854534106,Russellton,PA,15076.0,5211,,No
904,0,1998,11,9,07:22,$1.94,Swipe Transaction,-7708853073888367793,Tucson,AZ,85745.0,5812,,No
790,2,2006,10,23,12:03,$2.98,Swipe Transaction,-4500542936415012428,Vail,CO,81657.0,5814,,No
1632,1,2013,1,12,08:39,$52.20,Swipe Transaction,1799189980464955940,Blytheville,AR,72315.0,5499,,No
148,2,2003,7,26,13:42,$0.68,Swipe Transaction,6666504894937430109,Rio Rico,AZ,85648.0,5499,,No
1414,0,2010,8,28,15:14,$117.55,Swipe Transaction,-1288082279022882052,Monroe,CT,6468.0,5499,,No
1465,0,2020,1,13,22:25,$77.00,Swipe Transaction,-5162038175624867091,Locust Grove,GA,30248.0,5541,,No
13,1,2016,12,27,15:44,$29.00,Chip Transaction,6181510752141427450,Traverse City,MI,49686.0,7538,,No
482,3,2018,7,22,10:45,$7.11,Online Transaction,-6160036380778658394,ONLINE,,,4121,,No
994,1,2015,6,29,06:17,$63.87,Chip Transaction,3189517333335617109,Hanoverton,OH,44423.0,5311,,No
1072,0,2015,1,15,11:36,$11.18,Online Transaction,8475032541207447973,ONLINE,,,4784,,No
1311,1,2008,2,22,07:38,$7.67,Swipe Transaction,7633383194681989571,Kokomo,IN,46901.0,5411,,No
1975,2,2015,12,16,07:07,$3.26,Chip Transaction,-5475680618560174533,Frederick,MD,21702.0,5942,,No
713,0,2008,4,29,07:12,$59.47,Swipe Transaction,8878665205966093747,Boiling Springs,NC,28017.0,5411,,No
59,0,2018,12,27,12:24,$17.02,Chip Transaction,-2875772643906070090,Harrisburg,PA,17104.0,5310,,No
275,5,2017,9,8,07:32,$46.89,Chip Transaction,-6738340320657348028,Colorado Springs,CO,80920.0,7538,,No
1934,3,2010,4,21,08:18,$3.11,Swipe Transaction,-4334232547381218591,Rockingham,NC,28379.0,5541,,No
345,0,2012,11,25,19:52,$42.46,Swipe Transaction,-5166253357665043230,Nocona,TX,76255.0,5812,,No
167,0,2011,3,19,09:02,$99.00,Swipe Transaction,1799189980464955940,Charlotte,NC,28211.0,5499,,No
875,0,2013,4,18,19:15,$8.75,Swipe Transaction,451009818996614269,Miami,FL,33126.0,4121,,No
1498,0,2010,9,15,21:53,$68.31,Swipe Transaction,5232322915998164853,Pedricktown,NJ,8067.0,5813,,No
787,0,2005,6,1,19:43,$65.00,Swipe Transaction,-4334232547381218591,Paragould,AR,72450.0,5541,,No
854,2,2019,8,18,07:28,$1.97,Chip Transaction,-4500542936415012428,Butler,OH,44822.0,5814,,No
856,2,2005,12,7,09:53,$83.54,Swipe Transaction,-7361194486450145197,Sarasota,FL,34232.0,5300,,No
1522,0,2012,2,17,20:45,$24.28,Swipe Transaction,-4946165745804091050,Conover,NC,28613.0,5812,,No
19,0,2002,6,5,15:47,$21.31,Swipe Transaction,-7181521001149318777,Tucson,AZ,85711.0,4121,,No
1533,1,2013,2,8,09:16,$22.47,Swipe Transaction,-3220758452254689706,El Paso,TX,79936.0,5311,,No
725,1,2012,4,8,17:51,$24.08,Swipe Transaction,-3739862438923451178,Jamaica Plain,MA,2130.0,7832,,No
619,1,2001,2,24,09:44,$1.82,Swipe Transaction,518359101747560460,Pinole,CA,94564.0,5812,,No
1109,1,2013,10,28,07:54,$30.45,Online Transaction,-2088492411650162548,ONLINE,,,4784,,No
1123,0,2005,7,5,06:34,$14.46,Swipe Transaction,-5932919701619956401,El Paso,TX,79902.0,5411,,No
1052,2,2017,3,23,10:17,$19.85,Chip Transaction,2609567193908522737,Burney,CA,96013.0,8011,,No
1002,0,2005,11,16,13:25,$111.13,Swipe Transaction,5963309281244477442,Hendersonville,TN,37075.0,5655,Insufficient Balance,No
1926,6,2011,1,31,05:27,$-74.00,Swipe Transaction,2027553650310142703,Concord,NC,28025.0,5541,,No
549,3,2019,1,26,09:55,$8.07,Chip Transaction,-4334232547381218591,Newark,NJ,7103.0,5541,,No
753,0,2018,6,3,13:57,$38.25,Chip Transaction,-5683397060617419685,David City,NE,68632.0,5211,,No
842,2,2014,7,9,10:54,$1.90,Swipe Transaction,6666504894937430109,Indianapolis,IN,46221.0,5499,,No
1894,2,2015,6,26,06:26,$56.44,Chip Transaction,-7191223761171404050,Oklahoma City,OK,73159.0,7230,,No
1154,0,2007,11,28,04:21,$28.08,Swipe Transaction,3835892342876781370,Revere,MA,2151.0,4900,,No
410,2,2014,2,6,08:54,$10.82,Swipe Transaction,-2142914562033121972,Brentwood,NY,11717.0,5310,,No
1686,1,2017,4,29,01:23,$7.65,Chip Transaction,-6137177228132805401,Brooklyn,NY,11215.0,5211,,No
321,0,2006,3,24,13:42,$1.96,Swipe Transaction,-6571010470072147219,Fargo,ND,58103.0,5499,,No
1088,2,2008,1,8,10:13,$87.93,Swipe Transaction,-5475680618560174533,Washington,DC,20005.0,5942,,No
1392,4,2009,5,3,10:02,$2.32,Swipe Transaction,-6035332392926029059,Brandenburg,KY,40108.0,5812,,No
1508,2,2006,10,26,09:52,$2.62,Swipe Transaction,97032797689821735,State College,PA,16801.0,5411,,No
619,1,2008,10,9,09:41,$2.27,Swipe Transaction,97032797689821735,Pittsburg,CA,94565.0,5411,,No
1992,1,2018,5,23,08:18,$67.54,Chip Transaction,-58611332255497376,Belmont,CA,94002.0,4111,,No
156,4,2005,4,27,12:03,$86.75,Swipe Transaction,48735788010033581,Manahawkin,NJ,8050.0,5655,,No
315,1,2017,5,26,08:33,$10.69,Chip Transaction,4722913068560264812,Show Low,AZ,85901.0,5411,,No
568,0,2014,12,27,13:22,$80.00,Swipe Transaction,-4282466774399734331,Belleville,IL,62221.0,4829,,No
287,1,2009,2,19,02:24,$93.35,Swipe Transaction,3414527459579106770,Rochester,NY,14607.0,5651,,No
1490,6,2003,6,26,00:32,$20.81,Swipe Transaction,908131840741506541,Tacoma,WA,98404.0,5411,,No
1371,0,2007,7,27,06:52,$38.62,Swipe Transaction,-245178307025547046,Union,NJ,7083.0,5311,,No
1781,1,2011,9,16,17:57,$41.73,Swipe Transaction,-8627029193234189771,Hickory,NC,28602.0,5812,,No
759,2,2006,4,14,12:23,$98.64,Swipe Transaction,-7231389139399574921,Algiers,Algeria,,5310,,Yes
921,0,2012,10,2,13:42,$61.94,Swipe Transaction,-2967716741596227970,Ankeny,IA,50021.0,5211,,No
1237,1,2009,12,15,23:08,$101.96,Swipe Transaction,-7907705076706944562,Seabrook,TX,77586.0,4900,,No
1805,0,2008,1,15,10:37,$118.00,Swipe Transaction,7834055923142137930,Carbondale,PA,18407.0,3395,,No
1644,2,2014,12,10,13:11,$175.13,Swipe Transaction,3406782708564435469,Palm Bay,FL,32905.0,4900,,No
549,4,2019,10,10,15:38,$0.95,Online Transaction,-2088492411650162548,ONLINE,,,4784,,No
1091,0,2014,6,29,12:30,$6.97,Swipe Transaction,-5162038175624867091,Buffalo,NY,14211.0,5541,,No
1499,3,2015,4,14,22:49,$61.02,Online Transaction,-7421093378627544099,ONLINE,,,5311,,No
1553,0,2011,9,15,07:46,$82.24,Swipe Transaction,6881309805967229734,Ooltewah,TN,37363.0,5300,,No
1683,2,2008,7,19,12:30,$100.00,Swipe Transaction,-1288082279022882052,Irvington,NY,10533.0,5499,,No
137,0,2014,12,20,13:44,$27.64,Online Transaction,-5841929396161652653,ONLINE,,,4121,,No
1267,0,2007,11,25,18:26,$78.00,Swipe Transaction,-4334232547381218591,Saint Paul,MN,55123.0,5541,,No
1710,1,2012,4,12,02:39,$48.39,Swipe Transaction,5753024633661164610,Millington,TN,38053.0,5311,,No
623,0,2014,9,9,21:04,$26.05,Swipe Transaction,-4317138273541964845,Fort Worth,TX,76120.0,5211,,No
859,0,2013,10,7,08:32,$77.29,Swipe Transaction,-5475680618560174533,Willsboro,NY,12996.0,5942,,No
1221,3,2017,8,25,10:22,$15.69,Swipe Transaction,2027553650310142703,Hurst,TX,76054.0,5541,,No
1604,5,1997,8,4,12:45,$11.08,Swipe Transaction,2027553650310142703,San Diego,CA,92105.0,5541,,No
259,2,2009,11,20,11:16,$43.14,Online Transaction,-2088492411650162548,ONLINE,,,4784,,No
464,1,2001,1,22,17:04,$79.50,Swipe Transaction,8919682822789039434,Copiague,NY,11726.0,5814,,No
884,1,2001,9,29,10:54,$2.66,Swipe Transaction,-3517422991584620195,Houston,TX,77009.0,5411,,No
1019,1,2012,10,15,13:54,$123.17,Swipe Transaction,-5467922351692495955,Tulsa,OK,74137.0,5912,,No
1271,3,2015,9,15,12:36,$95.00,Chip Transaction,1799189980464955940,Toronto,Canada,,5499,,No
309,4,1998,3,8,10:05,$2.69,Swipe Transaction,8878665205966093747,Fort Walton Beach,FL,32547.0,5411,,No
539,1,2010,4,24,07:07,$-58.00,Swipe Transaction,2027553650310142703,Republic,OH,44867.0,5541,,No
481,0,2017,8,23,09:26,$14.67,Chip Transaction,3639123430068731390,Short Hills,NJ,7078.0,5814,,No
1541,0,2009,7,18,10:36,$183.71,Online Transaction,4241336128694185533,ONLINE,,,4814,,No
972,3,2018,3,19,13:11,$34.75,Chip Transaction,-1288082279022882052,Merced,CA,95348.0,5499,,No
1157,0,2009,8,14,04:23,$106.70,Swipe Transaction,9057735476014445185,Church Hill,TN,37642.0,5311,,No
688,1,2010,6,24,16:20,$79.00,Swipe Transaction,8438446124682714015,Culloden,GA,31016.0,5541,,No
136,1,2010,4,19,10:58,$68.91,Swipe Transaction,-245178307025547046,Kansas City,KS,66109.0,5311,,No
975,3,2013,7,1,15:58,$94.00,Swipe Transaction,1799189980464955940,Brooklyn,NY,11211.0,5499,,No
1823,2,2020,1,7,06:44,$254.38,Chip Transaction,4310398285786277911,Franconia,NH,3580.0,8021,,No
1823,2,2020,2,7,11:32,$35.62,Online Transaction,7035602569409149834,ONLINE,,,5311,,No
1598,1,2014,12,2,20:33,$47.84,Swipe Transaction,-4500542936415012428,Kennett Square,PA,19348.0,5814,,No
574,0,2001,10,22,18:16,$182.28,Swipe Transaction,6126567460071278781,Somerville,MA,2143.0,7538,,No
968,1,2012,3,7,18:12,$7.07,Swipe Transaction,2027553650310142703,Allen,TX,75002.0,5541,,No
243,2,2010,1,14,09:56,$4.08,Swipe Transaction,6091778774361517457,Pensacola,FL,32511.0,5411,,No
1126,5,2014,7,1,13:37,$22.08,Online Transaction,-4241409341442030551,ONLINE,,,7349,,No
714,0,2009,12,14,13:53,$126.60,Swipe Transaction,-6047627993118398771,Mukwonago,WI,53149.0,5912,,No
931,2,2014,12,23,13:01,$104.95,Swipe Transaction,-5467922351692495955,Thompsons Station,TN,37179.0,5912,,No
553,3,2007,4,24,14:36,$-66.00,Swipe Transaction,2027553650310142703,Poughkeepsie,NY,12603.0,5541,,No
252,0,2014,11,13,11:13,$10.69,Swipe Transaction,1799189980464955940,Greenville,SC,29607.0,5499,,No
656,0,2008,5,9,06:01,$36.27,Swipe Transaction,6455880264509609586,Wynnewood,PA,19096.0,5411,,No
368,2,2012,9,17,06:49,$3.66,Swipe Transaction,6091778774361517457,Severn,MD,21144.0,5411,,No
1387,0,2002,9,16,19:13,$79.45,Swipe Transaction,2027553650310142703,Daytona Beach,FL,32117.0,5541,,No
318,1,2008,8,5,10:39,$6.89,Swipe Transaction,-469181712955288597,Scarsdale,NY,10583.0,5812,,No
782,0,2011,4,7,05:52,$60.00,Swipe Transaction,-4282466774399734331,Caldwell,NJ,7006.0,4829,,No
1606,1,2009,6,22,12:31,$2.68,Swipe Transaction,8375355157499818286,Stockton,CA,95210.0,5912,,No
492,2,2012,11,3,15:05,$0.89,Swipe Transaction,-6571010470072147219,Galloway,OH,43119.0,5499,,No
923,5,2019,8,14,08:42,$32.92,Chip Transaction,97032797689821735,Lordsburg,NM,88045.0,5411,,No
693,4,2019,8,29,04:48,$-104.00,Chip Transaction,-6796080605569913348,ONLINE,,,4722,,No
1827,1,2005,1,31,13:06,$132.28,Online Transaction,-3289339997738008669,ONLINE,,,4899,,No
1102,2,2007,7,31,13:33,$49.28,Swipe Transaction,-7146670748125200898,Macon,GA,31204.0,5970,,No
967,1,2016,1,25,15:35,$34.99,Chip Transaction,3189517333335617109,Covina,CA,91722.0,5311,,No
1178,1,1997,2,20,20:26,$138.21,Swipe Transaction,4552887027432897467,Oakland,CA,94606.0,3596,,No
1802,0,2019,1,27,14:08,$51.19,Swipe Transaction,3189517333335617109,Jamaica,NY,11434.0,5311,,No
350,0,2014,6,3,17:38,$47.89,Swipe Transaction,1670884829620747872,Rumney,NH,3266.0,5814,,No
320,3,2007,3,9,19:34,$69.89,Swipe Transaction,-4500542936415012428,Woodway,TX,76712.0,5814,,No
261,0,2016,6,3,13:11,$21.51,Chip Transaction,3414527459579106770,Fairmont,MN,56031.0,5651,,No
549,2,2017,10,12,08:39,$56.07,Chip Transaction,-4334232547381218591,Newark,NJ,7103.0,5541,,No
302,1,2012,7,14,07:25,$0.23,Swipe Transaction,6402269030235275475,Fort Lauderdale,FL,33318.0,5411,,No
1080,0,2011,10,29,13:26,$-69.00,Swipe Transaction,112925206871091074,Mount Dora,FL,32757.0,5541,,No
509,1,2011,2,5,11:51,$18.09,Swipe Transaction,-5162038175624867091,Germantown,MD,20874.0,5541,,No
1363,0,2014,7,19,06:26,$70.63,Swipe Transaction,4722913068560264812,Waukesha,WI,53189.0,5411,,No
1063,4,2007,8,13,14:43,$288.56,Swipe Transaction,7279265984715801652,Romulus,MI,48174.0,8011,,No
1025,2,2019,8,29,16:50,$26.95,Online Transaction,-5841929396161652653,ONLINE,,,4121,,No
1890,0,2008,11,23,11:24,$12.61,Swipe Transaction,-5162038175624867091,Riverside,IA,52327.0,5541,,No
1889,2,2010,8,25,10:08,$14.98,Swipe Transaction,4970823557930922751,Waukegan,IL,60085.0,5300,,No
1357,2,2014,8,7,17:40,$1.08,Swipe Transaction,6666504894937430109,Weatherford,TX,76086.0,5499,,No
582,0,2007,9,9,08:58,$37.06,Swipe Transaction,-3345936507911876459,Holgate,OH,43527.0,7538,,No
1463,1,2010,12,26,08:14,$5.67,Swipe Transaction,-5793650043230435259,Washington,IL,61571.0,5411,,No
287,1,2003,5,1,08:04,$70.00,Swipe Transaction,1139640404793641563,Leicester,MA,1524.0,5541,,No
456,0,2020,1,16,07:31,$5.05,Chip Transaction,3905988486716520835,Turlock,CA,95382.0,5411,,No
1311,1,2010,9,28,22:30,$119.13,Swipe Transaction,7633383194681989571,Kokomo,IN,46901.0,5411,,No
928,1,2001,10,2,10:33,$123.57,Swipe Transaction,3638934884099353822,Chesterfield,VA,23832.0,5651,,No
1662,5,2017,10,15,10:08,$19.33,Chip Transaction,4021311381817902047,Zebulon,NC,27597.0,4121,,No
813,0,2019,3,1,15:04,$80.97,Chip Transaction,97032797689821735,Youngstown,OH,44514.0,5411,,No
446,2,2009,6,13,10:24,$32.85,Online Transaction,-1688244360627004732,ONLINE,,,4784,,No
674,0,2017,12,19,04:57,$96.52,Chip Transaction,-4840418390027006153,Kent,WA,98032.0,5211,,No
1993,5,2018,6,7,15:43,$9.18,Chip Transaction,1139640404793641563,Myrtle Beach,SC,29579.0,5541,,No
393,5,2019,2,18,10:44,$67.67,Chip Transaction,1913477460590765860,Syracuse,UT,84075.0,5300,,No
0,2,2009,4,23,06:54,$127.95,Swipe Transaction,-727612092139916043,Monterey Park,CA,91754.0,5411,,No
1212,0,2012,11,16,23:36,$80.00,Swipe Transaction,-4282466774399734331,Dallas,TX,75208.0,4829,,No
1588,4,2013,6,28,15:48,$21.93,Swipe Transaction,6135208568923449408,Dallas,TX,75227.0,9402,,No
1110,1,2015,11,19,16:57,$27.97,Chip Transaction,3397452747792109772,Lubbock,TX,79414.0,5541,,No
1792,1,2011,4,1,19:26,$6.68,Swipe Transaction,-7048575387960958122,Rancho Cucamonga,CA,91730.0,5411,,No
236,1,2010,7,7,17:30,$50.89,Swipe Transaction,7489916311317192932,Wewoka,OK,74884.0,5300,,No
1886,4,2005,5,11,11:38,$74.31,Swipe Transaction,-480338131431730558,Peckville,PA,18452.0,8041,,No
1634,1,2003,11,8,19:22,$2.65,Swipe Transaction,-6571010470072147219,Meridian,MS,39301.0,5499,,No
94,0,2017,3,10,08:29,$53.19,Chip Transaction,6685694970663263928,Minneapolis,MN,55433.0,5411,,No
473,1,2016,10,14,12:57,$28.06,Chip Transaction,-6226102699883017133,Prairieville,LA,70769.0,5912,,No
1449,1,2009,10,7,16:06,$7.36,Swipe Transaction,4751695835751691036,Stanton,CA,90680.0,5814,,No
1884,1,2016,8,12,13:28,$29.38,Online Transaction,5805127065224074672,ONLINE,,,7349,,No
806,1,2017,9,18,05:10,$100.00,Chip Transaction,-4282466774399734331,Jacksonville,FL,32221.0,4829,,No
1084,0,2009,1,4,11:00,$80.00,Swipe Transaction,-4282466774399734331,Littleton,CO,80126.0,4829,,No
1654,3,2017,12,17,09:22,$9.10,Chip Transaction,-4334232547381218591,Crowder,MS,38622.0,5541,,No
1593,5,2003,12,19,08:33,$164.00,Swipe Transaction,7522433618679272954,Pascoag,RI,2859.0,5411,,No
55,0,2018,5,11,08:16,$19.03,Online Transaction,-5841929396161652653,ONLINE,,,4121,,No
98,1,2008,10,14,07:33,$148.16,Swipe Transaction,6718921414612631047,Ogden,UT,84408.0,4111,,No
374,2,2013,6,25,16:25,$384.25,Online Transaction,8744048232142204,ONLINE,,,7801,,No
112,0,2004,6,26,22:23,$132.26,Swipe Transaction,-7807051024009846392,Annapolis,MD,21401.0,3684,,No
466,2,2006,12,5,12:06,$24.79,Swipe Transaction,-1288082279022882052,Canal Fulton,OH,44614.0,5499,,No
1730,0,2007,1,15,13:44,$9.92,Online Transaction,-6458444334611773637,ONLINE,,,4784,,No
486,4,1999,11,10,11:40,$9.43,Swipe Transaction,1704172588052121931,Watsonville,CA,95076.0,5812,,No
1379,3,2012,6,15,17:48,$72.23,Swipe Transaction,-4509349848009667503,Beaverton,OR,97005.0,5300,,No
604,1,2014,11,26,07:45,$10.68,Swipe Transaction,1799189980464955940,Fort Lauderdale,FL,33311.0,5499,,No
748,1,2013,3,29,09:55,$8.24,Swipe Transaction,-6816942624904708087,Whittier,CA,90601.0,5411,,No
1687,2,2011,7,10,17:44,$25.74,Online Transaction,-2088492411650162548,ONLINE,,,4784,,No
669,3,2015,2,26,04:27,$227.85,Chip Transaction,3991321433720498482,Las Vegas,NV,89103.0,3405,,No
300,1,2015,1,14,07:04,$36.70,Chip Transaction,-4334232547381218591,Sedona,AZ,86351.0,5541,,No
691,0,2016,2,28,15:57,$131.89,Chip Transaction,2780783184847153974,San Rafael,CA,94903.0,4900,,No
1995,2,2008,6,7,13:31,$1.98,Swipe Transaction,-6571010470072147219,Garden City,NY,11530.0,5499,,No
1675,1,2006,9,28,09:15,$2.30,Swipe Transaction,97032797689821735,Eastanollee,GA,30538.0,5411,,No
889,1,2016,4,11,18:32,$26.19,Chip Transaction,-2744911404133435018,Grand Prairie,TX,75051.0,5812,,No
347,2,2012,1,17,10:58,$14.44,Online Transaction,-6458444334611773637,ONLINE,,,4784,,No
706,1,2015,1,7,21:28,$42.07,Online Transaction,-2088492411650162548,ONLINE,,,4784,,No
1597,2,2010,10,13,12:35,$45.07,Swipe Transaction,8942977153998438815,Seattle,WA,98117.0,5310,,No
410,2,2018,3,10,16:49,$22.70,Chip Transaction,9039477403746816612,Brentwood,NY,11717.0,5912,,No
15,3,2019,3,2,21:38,$80.00,Chip Transaction,-4282466774399734331,Bartlesville,OK,74006.0,4829,,No
979,6,2016,11,3,20:54,$400.00,Chip Transaction,-1908131910424232363,Lincoln Park,MI,48146.0,3771,,No
1064,0,2016,3,23,14:40,$98.00,Swipe Transaction,-4334232547381218591,Chicago Heights,IL,60411.0,5541,,No
1399,0,2012,8,3,07:42,$160.00,Swipe Transaction,-4282466774399734331,Channelview,TX,77530.0,4829,,No
854,0,2004,7,4,21:38,$20.00,Swipe Transaction,-4282466774399734331,Crestline,OH,44827.0,4829,,No
390,1,2008,8,21,20:50,$97.37,Swipe Transaction,1913477460590765860,Plymouth,MA,2360.0,5300,,No
1748,0,2019,7,23,05:37,$4.13,Chip Transaction,4722913068560264812,Dickinson,TX,77539.0,5411,,No
490,2,2012,1,7,13:51,$135.24,Swipe Transaction,-5467922351692495955,Pompano Beach,FL,33060.0,5912,,No
1380,0,2001,1,3,20:11,$80.00,Swipe Transaction,-4282466774399734331,Silverdale,WA,98383.0,4829,,No
1304,0,2017,3,20,22:08,$105.03,Chip Transaction,-5467922351692495955,Edgerton,WI,53534.0,5912,,No
998,1,2009,1,25,07:08,$46.95,Swipe Transaction,-2472481739355111587,Barnegat,NJ,8005.0,7538,,No
256,2,2011,6,4,22:15,$99.40,Swipe Transaction,-3345936507911876459,Melrose Park,IL,60164.0,7538,,No
1306,3,2018,12,26,11:18,$70.00,Chip Transaction,1799189980464955940,San Mateo,CA,94404.0,5499,,No
1394,1,2016,10,17,21:16,$5.18,Chip Transaction,-5467922351692495955,Daly City,CA,94015.0,5912,,No
61,1,2011,1,28,11:59,$11.75,Swipe Transaction,4751695835751691036,Bothell,WA,98011.0,5814,,No
2,1,2005,12,30,23:40,$2.21,Swipe Transaction,6666504894937430109,West Covina,CA,91792.0,5499,,No
1482,3,2008,1,13,10:37,$91.00,Swipe Transaction,-5162038175624867091,Alexander,AR,72002.0,5541,,No
539,2,2016,10,25,18:51,$47.93,Chip Transaction,-6738340320657348028,Franklin,OH,45005.0,7538,,No
1477,3,2007,6,27,05:20,$9.20,Swipe Transaction,878534750241365141,Belfair,WA,98528.0,5812,,No
480,0,2009,3,7,09:11,$22.57,Swipe Transaction,1838462929559471953,San Diego,CA,92122.0,4121,,No
656,0,2017,1,20,11:58,$136.44,Swipe Transaction,-3220758452254689706,Philadelphia,PA,19134.0,5311,,No
1343,2,2018,7,7,18:52,$19.00,Chip Transaction,8098811977133005307,Saint Johnsbury,VT,5819.0,5813,,No
1903,4,2012,11,22,13:23,$1.93,Swipe Transaction,-6571010470072147219,Richmond,CA,94804.0,5499,,No
1979,3,2012,10,19,11:28,$1064.34,Online Transaction,-8112988161765547736,ONLINE,,,4511,,No
692,2,2018,8,4,08:02,$0.50,Chip Transaction,3639123430068731390,Niagara Falls,NY,14304.0,5814,,No
966,0,2012,10,24,07:58,$15.96,Swipe Transaction,7435056094146726565,East Hampton,NY,11937.0,7542,,No
713,0,2014,8,19,13:29,$142.68,Swipe Transaction,1913477460590765860,Denver,NC,28037.0,5300,,No
1735,1,2015,1,29,06:59,$88.26,Chip Transaction,-245178307025547046,Happy Valley,OR,97086.0,5311,,No
1014,1,2017,3,17,10:20,$5.47,Chip Transaction,6091778774361517457,Orlando,FL,32815.0,5411,,No
1040,1,2010,9,28,17:56,$10.89,Swipe Transaction,9204508714357377177,Louisville,MS,39339.0,5310,,No
1429,0,2016,8,7,07:10,$3.64,Chip Transaction,-1368157445706054090,Odenville,AL,35120.0,7538,,No
220,3,2016,2,10,16:39,$32.59,Online Transaction,-2088492411650162548,ONLINE,,,4784,,No
1150,1,2005,11,22,17:47,$-57.00,Swipe Transaction,-1288082279022882052,Yorba Linda,CA,92887.0,5499,,No
6,0,2009,10,23,13:42,$0.54,Swipe Transaction,6666504894937430109,Louisville,KY,40299.0,5499,,No
836,2,2017,12,30,10:57,$9.02,Swipe Transaction,112925206871091074,Columbus,OH,43228.0,5541,,No
118,1,2018,1,23,14:18,$98.23,Chip Transaction,5474320255037684877,Millsboro,DE,19966.0,5912,,No
1691,2,2003,8,1,20:41,$42.12,Swipe Transaction,-6035332392926029059,Bronx,NY,10463.0,5812,,No
956,0,2013,6,16,08:10,$7.89,Swipe Transaction,-1288082279022882052,Sacramento,CA,95821.0,5499,,No
456,0,2014,9,16,08:05,$5.47,Swipe Transaction,6042526206085641250,Turlock,CA,95382.0,5912,,No
414,2,2016,1,18,11:33,$120.00,Chip Transaction,-4282466774399734331,Osprey,FL,34229.0,4829,,No
65,2,2013,8,1,16:35,$-98.00,Swipe Transaction,2027553650310142703,Orland Park,IL,60462.0,5541,,No
58,0,2019,8,20,16:55,$-90.00,Swipe Transaction,112925206871091074,Houston,TX,77056.0,5541,,No
1074,0,2008,8,3,16:58,$15.06,Swipe Transaction,2838432153031143831,Detroit,MI,48235.0,5211,,No
1034,1,2016,7,19,11:19,$30.31,Online Transaction,-5841929396161652653,ONLINE,,,4121,,No
98,0,2001,11,24,10:48,$20.25,Swipe Transaction,-5162038175624867091,Hollywood,FL,33024.0,5541,,No
327,0,2011,10,5,14:54,$9.19,Swipe Transaction,4722913068560264812,Meridian,MS,39305.0,5411,,No
1206,4,2006,5,31,14:30,$59.36,Swipe Transaction,-8210399138308023303,Chandler,AZ,85226.0,8111,,No
1945,0,2009,1,13,08:03,$2.04,Swipe Transaction,-6571010470072147219,Louisville,IL,62858.0,5499,,No
268,2,2007,12,23,15:46,$56.97,Swipe Transaction,6661973303171003879,Chevy Chase,MD,20815.0,5211,,No
1241,1,2012,3,20,10:05,$89.75,Swipe Transaction,2027553650310142703,Navarre,FL,32566.0,5541,,No
949,5,2016,5,31,13:15,$80.00,Chip Transaction,-4282466774399734331,Austin,MN,55912.0,4829,Insufficient Balance,No
136,2,2008,11,29,09:30,$95.11,Swipe Transaction,-5467922351692495955,Olathe,KS,66062.0,5912,,No
1419,3,2009,3,31,18:31,$96.26,Online Transaction,-4693083519855230958,ONLINE,,,4900,,No
1378,0,2019,10,25,08:31,$-50.00,Chip Transaction,2027553650310142703,Wichita,KS,67212.0,5541,,No
1784,0,2012,8,3,15:06,$69.00,Swipe Transaction,-4334232547381218591,Brooksville,FL,34601.0,5541,,No
192,1,2005,12,17,21:58,$58.58,Swipe Transaction,8089182934211974921,Palm Bay,FL,32907.0,5912,,No
805,3,2007,4,10,07:45,$50.70,Swipe Transaction,112925206871091074,Philadelphia,PA,19146.0,5541,,No
903,0,2008,7,15,15:34,$10.39,Swipe Transaction,6135208568923449408,Carson City,NV,89701.0,9402,,No
509,1,2012,6,28,02:43,$73.00,Swipe Transaction,-5992306379266715020,Germantown,MD,20874.0,7538,,No
1114,0,2012,5,24,10:22,$4.12,Swipe Transaction,7847619186796796084,Norcross,GA,30010.0,5812,,No
456,0,2018,4,24,11:54,$5.75,Chip Transaction,112925206871091074,Turlock,CA,95382.0,5541,,No
421,2,2013,8,27,15:15,$21.37,Online Transaction,-2088492411650162548,ONLINE,,,4784,,No
1708,1,2006,3,17,11:27,$73.05,Swipe Transaction,-5467922351692495955,Old Saybrook,CT,6475.0,5912,,No
849,0,2012,3,29,10:25,$33.19,Online Transaction,-6458444334611773637,ONLINE,,,4784,,No
39,0,2008,2,19,00:15,$131.68,Online Transaction,6354687927856781503,ONLINE,,,4900,,No
1215,0,2004,12,22,08:49,$3.74,Swipe Transaction,-2437100876493344892,Sacramento,CA,95823.0,7538,,No
1343,1,2019,3,9,19:23,$56.90,Online Transaction,-2088492411650162548,ONLINE,,,4784,,No
1627,3,2019,4,25,01:19,$17.31,Chip Transaction,4554956524287123317,Sacramento,CA,95822.0,5300,,No
1562,0,1999,8,24,05:28,$20.00,Swipe Transaction,-4282466774399734331,Dallas,TX,75227.0,4829,,No
1706,0,2005,6,18,22:33,$24.46,Swipe Transaction,-4032741065568434718,Denison,IA,51442.0,5813,,No
23,1,2006,10,31,16:02,$74.00,Swipe Transaction,-5162038175624867091,Wynne,AR,72396.0,5541,,No
367,0,2006,8,4,22:59,$49.64,Swipe Transaction,-6035332392926029059,Minneapolis,MN,55442.0,5812,,No
1659,0,2019,11,1,18:30,$2.54,Swipe Transaction,-4927381308738947637,Cosby,TN,37722.0,5812,,No
1779,1,2003,10,12,18:55,$56.01,Swipe Transaction,-1118701191076497408,West Columbia,SC,29169.0,5812,,No
1823,1,2018,8,6,09:41,$55.15,Chip Transaction,6292604679540113185,Franconia,NH,3580.0,5300,,No
128,3,2015,7,27,16:00,$57.96,Chip Transaction,1913477460590765860,Columbia,MS,39429.0,5300,,No
151,0,2017,4,18,01:41,$40.00,Chip Transaction,-4282466774399734331,Pinetop,AZ,85935.0,4829,,No
1497,1,2019,8,8,11:31,$29.02,Chip Transaction,-2799551593317693657,Crown Point,IN,46307.0,5813,,No
193,2,2018,12,9,19:00,$1.72,Chip Transaction,7069584154815291371,Van Alstyne,TX,75495.0,5812,,No
973,1,2003,7,31,16:01,$49.44,Swipe Transaction,4722913068560264812,Austin,TX,78717.0,5411,,No
729,0,2019,11,22,07:31,$264.00,Swipe Transaction,3991321433720498482,Excelsior Springs,MO,64024.0,3405,,No
390,1,2019,4,5,11:37,$14.09,Swipe Transaction,-5232574442263717395,Richmond,CA,94804.0,5411,,No
960,3,2018,5,26,22:26,$51.65,Online Transaction,-6458444334611773637,ONLINE,,,4784,,No
903,1,2016,5,7,02:27,$80.00,Chip Transaction,-4282466774399734331,Woonsocket,SD,57385.0,4829,,No
1064,5,2002,12,8,16:38,$36.71,Swipe Transaction,1782972571302832460,Chicago Heights,IL,60411.0,5300,,No
1499,2,2016,8,22,07:22,$18.55,Swipe Transaction,-4752064311331295725,San Diego,CA,92131.0,4214,,No
1396,2,2014,5,1,11:58,$34.42,Swipe Transaction,-1440759368285275955,Houston,TX,77087.0,7538,,No
61,3,2008,6,27,13:59,$15.91,Swipe Transaction,-8358164774874890455,Black Diamond,WA,98010.0,7542,,No
421,0,2018,5,21,09:18,$27.11,Online Transaction,-2088492411650162548,ONLINE,,,4784,,No
574,0,2014,4,7,15:37,$46.94,Swipe Transaction,2027553650310142703,Somerville,MA,2143.0,5541,,No
615,3,2002,12,31,17:27,$7.36,Swipe Transaction,-727612092139916043,Lakewood,NJ,8701.0,5411,,No
1695,1,2005,8,31,16:11,$19.79,Online Transaction,-2088492411650162548,ONLINE,,,4784,,No
1780,1,2010,1,25,10:03,$3.56,Swipe Transaction,-6571010470072147219,Mendham,NJ,7945.0,5499,,No
1422,0,2016,4,3,09:29,$1.80,Chip Transaction,4676846145744960960,Federal Way,WA,98003.0,5812,,No
262,1,2005,3,10,18:32,$24.34,Swipe Transaction,1139640404793641563,Olympia,WA,98516.0,5541,,No
1526,0,2011,2,14,16:24,$9.23,Swipe Transaction,-3395538998277081094,Oklahoma City,OK,73115.0,5311,,No
1378,2,2017,3,28,08:47,$-100.00,Chip Transaction,1799189980464955940,Wichita,KS,67212.0,5499,,No
1608,1,2016,1,19,10:09,$70.01,Swipe Transaction,-2916542501422915698,Overland Park,KS,66214.0,5719,,No
851,0,2005,10,27,14:35,$25.16,Swipe Transaction,-3693650930986299431,Pleasant Garden,NC,27313.0,4814,,No
620,1,2015,3,28,12:06,$52.77,Swipe Transaction,-3220758452254689706,Riverdale,MD,20737.0,5311,,No
1778,1,2007,5,29,16:02,$1.21,Swipe Transaction,-6571010470072147219,Barnhart,MO,63012.0,5499,,No
848,1,2011,7,7,09:37,$88.16,Swipe Transaction,-5475680618560174533,Monroe,NY,10950.0,5942,,No
330,0,2014,8,29,20:29,$41.47,Online Transaction,-6160036380778658394,ONLINE,,,4121,,No
47,2,2011,6,24,07:33,$36.73,Online Transaction,-2088492411650162548,ONLINE,,,4784,,No
1660,5,2015,12,1,09:59,$2.31,Chip Transaction,4751695835751691036,Brunswick,OH,44212.0,5814,,No
1887,1,2009,1,10,11:23,$15.28,Swipe Transaction,-6478180923634249380,Mount Vernon,NY,10552.0,5812,,No
1635,0,2014,11,12,00:44,$53.00,Swipe Transaction,3839253644373645537,Camarillo,CA,93010.0,7538,,No
1067,0,2009,6,28,15:51,$-87.00,Swipe Transaction,1799189980464955940,Pacoima,CA,91331.0,5499,,No
1013,2,2005,3,6,00:33,$27.08,Online Transaction,-2088492411650162548,ONLINE,,,4784,,No
352,2,2016,4,5,11:11,$1.01,Chip Transaction,6666504894937430109,Las Vegas,NV,89142.0,5499,,No
396,2,2018,7,21,16:00,$62.03,Online Transaction,-2088492411650162548,ONLINE,,,4784,,No
